Time,Energy,Cost,Load
0.214958,0.240839,0.275584,0.201932
