Time,Energy,Cost,Load
0.214958,0.240839,0.275816,0.201851
