Time,Energy,Cost,Load
0.214958,0.240839,0.275413,0.201968
