Time,Energy,Cost,Load
0.214958,0.240839,0.272988,0.203281
