Time,Energy,Cost,Load
0.214958,0.240839,0.274147,0.202504
