Time,Energy,Cost,Load
0.214958,0.240839,0.274252,0.202454
