Time,Energy,Cost,Load
0.214958,0.240839,0.274748,0.202225
