Time,Energy,Cost,Load
0.214958,0.240839,0.276186,0.201827
