Time,Energy,Cost,Load
0.214958,0.240839,0.274735,0.202208
