Time,Energy,Cost,Load
0.214958,0.240839,0.275262,0.202023
