Time,Energy,Cost,Load
0.215075,0.240921,0.274592,0.202307
