Time,Energy,Cost,Load
0.222601,0.24292,0.287476,0.201618
