Time,Energy,Cost,Load
0.215075,0.240921,0.275131,0.202046
