Time,Energy,Cost,Load
0.216016,0.241696,0.274307,0.202397
