Time,Energy,Cost,Load
0.222601,0.24292,0.287332,0.201708
