Time,Energy,Cost,Load
0.222601,0.24292,0.287397,0.201662
