Time,Energy,Cost,Load
0.215193,0.240924,0.273711,0.202754
