Time,Energy,Cost,Load
0.222719,0.242967,0.288494,0.201583
