Time,Energy,Cost,Load
0.214958,0.240839,0.27624,0.201823
