Time,Energy,Cost,Load
0.214958,0.240839,0.277024,0.201754
