Time,Energy,Cost,Load
0.214958,0.240839,0.275033,0.202122
