Time,Energy,Cost,Load
0.214958,0.240839,0.276469,0.20178
