Time,Energy,Cost,Load
0.215075,0.240878,0.27563,0.201933
