Time,Energy,Cost,Load
0.214958,0.240839,0.275099,0.202081
