Time,Energy,Cost,Load
0.214958,0.240839,0.274257,0.202586
