Time,Energy,Cost,Load
0.215193,0.240953,0.27474,0.202252
