Time,Energy,Cost,Load
0.215193,0.241651,0.27414,0.202517
