Time,Energy,Cost,Load
0.215193,0.240932,0.274202,0.202478
