Time,Energy,Cost,Load
0.215193,0.240932,0.273826,0.202759
