Time,Energy,Cost,Load
0.215193,0.240932,0.273837,0.202758
