Time,Energy,Cost,Load
0.215193,0.240929,0.275539,0.201932
