Time,Energy,Cost,Load
0.215075,0.240948,0.276011,0.201865
