Time,Energy,Cost,Load
0.215075,0.240948,0.27502,0.202085
