Time,Energy,Cost,Load
0.215193,0.241651,0.27297,0.203295
