Time,Energy,Cost,Load
0.215193,0.241651,0.273412,0.202985
