Time,Energy,Cost,Load
0.215193,0.241651,0.273819,0.202771
