Time,Energy,Cost,Load
0.215193,0.241651,0.272643,0.203679
