Time,Energy,Cost,Load
0.215193,0.241651,0.27471,0.202327
