Time,Energy,Cost,Load
0.215193,0.241651,0.274147,0.202491
