Time,Energy,Cost,Load
0.215193,0.241651,0.275305,0.201986
