Time,Energy,Cost,Load
0.215193,0.241651,0.275873,0.201857
