Time,Energy,Cost,Load
0.215193,0.241651,0.275513,0.201983
