Time,Energy,Cost,Load
0.215193,0.241651,0.274183,0.202465
