Time,Energy,Cost,Load
0.215193,0.241651,0.275856,0.201879
