Time,Energy,Cost,Load
0.21531,0.241416,0.273257,0.203097
