Time,Energy,Cost,Load
0.21531,0.241416,0.272605,0.203639
