Time,Energy,Cost,Load
0.21531,0.241695,0.273047,0.203232
