Time,Energy,Cost,Load
0.215193,0.241651,0.2749,0.202218
