Time,Energy,Cost,Load
0.21531,0.241416,0.273019,0.203257
