Time,Energy,Cost,Load
0.21531,0.241416,0.272777,0.203423
