Time,Energy,Cost,Load
0.21531,0.241416,0.273256,0.2031
