Time,Energy,Cost,Load
0.21531,0.241416,0.272615,0.203583
