Time,Energy,Cost,Load
0.215428,0.242464,0.274858,0.202228
