Time,Energy,Cost,Load
0.21531,0.241761,0.276092,0.201765
