Time,Energy,Cost,Load
0.215428,0.242464,0.274729,0.202296
