Time,Energy,Cost,Load
0.215428,0.241744,0.27408,0.202703
