Time,Energy,Cost,Load
0.222601,0.24292,0.288396,0.201404
