Time,Energy,Cost,Load
0.222719,0.242964,0.287907,0.201471
