Time,Energy,Cost,Load
0.222601,0.24292,0.28805,0.201467
