Time,Energy,Cost,Load
0.222601,0.24292,0.287528,0.20161
