Time,Energy,Cost,Load
0.222601,0.24292,0.287368,0.201627
