Time,Energy,Cost,Load
0.222601,0.24292,0.287551,0.20162
