Time,Energy,Cost,Load
0.222719,0.24303,0.288219,0.201439
