Time,Energy,Cost,Load
0.223189,0.24333,0.287765,0.201509
