Time,Energy,Cost,Load
0.223189,0.243612,0.289026,0.201377
