Time,Energy,Cost,Load
0.268891,0.179703,0.458555,0.00543511
