Time,Energy,Cost,Load
0.268891,0.179703,0.459004,0.00491911
