Time,Energy,Cost,Load
0.268891,0.179703,0.450443,0.0128299
