Time,Energy,Cost,Load
0.268891,0.179703,0.45333,0.00813021
