Time,Energy,Cost,Load
0.268891,0.179703,0.463538,0.00349732
