Time,Energy,Cost,Load
0.278392,0.17322,0.457061,0.00979442
