Time,Energy,Cost,Load
0.268891,0.179703,0.450173,0.0162823
