Time,Energy,Cost,Load
0.268891,0.179703,0.458931,0.00500449
