Time,Energy,Cost,Load
0.268891,0.179703,0.450362,0.0197644
