Time,Energy,Cost,Load
0.268891,0.179703,0.449895,0.0163083
