Time,Energy,Cost,Load
0.268891,0.179703,0.453998,0.00860167
