Time,Energy,Cost,Load
0.270217,0.180526,0.450236,0.0126851
