Time,Energy,Cost,Load
0.270879,0.181083,0.451925,0.0100977
