Time,Energy,Cost,Load
0.270437,0.18062,0.46663,0.00284767
