Time,Energy,Cost,Load
0.268891,0.179703,0.454289,0.00973762
