Time,Energy,Cost,Load
0.270879,0.181083,0.452167,0.00953344
