Time,Energy,Cost,Load
0.269112,0.179728,0.448333,0.0196419
