Time,Energy,Cost,Load
0.269112,0.179712,0.463503,0.00335996
