Time,Energy,Cost,Load
0.269112,0.179712,0.452709,0.00959284
