Time,Energy,Cost,Load
0.270658,0.180628,0.460473,0.00399847
