Time,Energy,Cost,Load
0.272205,0.172962,0.473484,0.00250726
