Time,Energy,Cost,Load
0.270879,0.181083,0.456293,0.00651909
