Time,Energy,Cost,Load
0.272205,0.172962,0.455495,0.0150176
