Time,Energy,Cost,Load
0.272205,0.172962,0.455219,0.0172486
