Time,Energy,Cost,Load
0.272205,0.172962,0.461665,0.00522463
