Time,Energy,Cost,Load
0.271321,0.181591,0.456428,0.00634462
