Time,Energy,Cost,Load
0.2711,0.180899,0.452659,0.0096708
