Time,Energy,Cost,Load
0.271542,0.181716,0.446447,0.0241709
