Time,Energy,Cost,Load
0.272205,0.172962,0.462978,0.00453044
