Time,Energy,Cost,Load
0.272205,0.172962,0.45466,0.0146315
