Time,Energy,Cost,Load
0.272205,0.172962,0.454228,0.0155002
