Time,Energy,Cost,Load
0.272205,0.172962,0.456815,0.0107113
