Time,Energy,Cost,Load
0.272205,0.172962,0.454222,0.0156635
