Time,Energy,Cost,Load
0.272205,0.172962,0.453372,0.0222305
