Time,Energy,Cost,Load
0.272205,0.172962,0.454714,0.0152032
