Time,Energy,Cost,Load
0.272205,0.172962,0.453706,0.0195168
