Time,Energy,Cost,Load
0.268891,0.179703,0.448939,0.0236623
