Time,Energy,Cost,Load
0.273089,0.173576,0.46359,0.0035207
