Time,Energy,Cost,Load
0.272205,0.172962,0.469048,0.00208035
