Time,Energy,Cost,Load
0.272426,0.17297,0.461506,0.00583344
