Time,Energy,Cost,Load
0.272205,0.181869,0.455347,0.00659334
