Time,Energy,Cost,Load
0.272426,0.173146,0.45394,0.0193943
