Time,Energy,Cost,Load
0.272426,0.17297,0.461146,0.00588541
