Time,Energy,Cost,Load
0.272426,0.17297,0.453524,0.0214286
