Time,Energy,Cost,Load
0.273531,0.172776,0.469239,0.00667426
