Time,Energy,Cost,Load
0.272426,0.173146,0.453341,0.021566
