Time,Energy,Cost,Load
0.272647,0.173155,0.454345,0.0153071
