Time,Energy,Cost,Load
0.268891,0.179703,0.449613,0.0178043
