Time,Energy,Cost,Load
0.273531,0.172776,0.46219,0.00879396
