Time,Energy,Cost,Load
0.273531,0.172776,0.460036,0.013438
