Time,Energy,Cost,Load
0.273531,0.172776,0.459731,0.0172616
