Time,Energy,Cost,Load
0.273531,0.172776,0.458548,0.0186686
