Time,Energy,Cost,Load
0.273531,0.172776,0.46127,0.0142101
