Time,Energy,Cost,Load
0.273531,0.172776,0.45812,0.0206212
