Time,Energy,Cost,Load
0.273531,0.172776,0.460505,0.0152496
