Time,Energy,Cost,Load
0.273531,0.172776,0.461819,0.0101601
