Time,Energy,Cost,Load
0.273531,0.172776,0.458599,0.0161999
