Time,Energy,Cost,Load
0.273752,0.172784,0.473908,0.00134718
