Time,Energy,Cost,Load
0.273531,0.172776,0.459466,0.0153535
