Time,Energy,Cost,Load
0.273752,0.172784,0.46248,0.00840789
