Time,Energy,Cost,Load
0.273531,0.172776,0.470008,0.00270215
