Time,Energy,Cost,Load
0.273752,0.172784,0.470902,0.00243858
