Time,Energy,Cost,Load
0.273752,0.172784,0.47189,0.00197084
