Time,Energy,Cost,Load
0.273531,0.172776,0.46497,0.00470306
