Time,Energy,Cost,Load
0.274194,0.173029,0.471178,0.00206949
