Time,Energy,Cost,Load
0.273531,0.172776,0.472045,0.00161817
