Time,Energy,Cost,Load
0.274414,0.173799,0.457421,0.0081833
