Time,Energy,Cost,Load
0.274414,0.1803,0.458704,0.00492653
