Time,Energy,Cost,Load
0.274414,0.1803,0.456951,0.00583975
