Time,Energy,Cost,Load
0.274414,0.1803,0.456195,0.00611446
