Time,Energy,Cost,Load
0.274414,0.1803,0.456425,0.00605506
