Time,Energy,Cost,Load
0.274414,0.1803,0.453947,0.0080671
