Time,Energy,Cost,Load
0.274635,0.180308,0.452481,0.0104467
