Time,Energy,Cost,Load
0.274414,0.1803,0.456953,0.0057024
