Time,Energy,Cost,Load
0.274414,0.1803,0.453288,0.00815991
