Time,Energy,Cost,Load
0.274414,0.1803,0.45767,0.00546852
