Time,Energy,Cost,Load
0.277729,0.173558,0.460813,0.00608958
