Time,Energy,Cost,Load
0.276403,0.181679,0.451357,0.0108105
