Time,Energy,Cost,Load
0.278171,0.173899,0.460882,0.00500932
