Time,Energy,Cost,Load
0.275298,0.174942,0.455159,0.0133099
