Time,Energy,Cost,Load
0.278392,0.17322,0.458016,0.00901484
