Time,Energy,Cost,Load
0.276403,0.181679,0.453858,0.00763277
