Time,Energy,Cost,Load
0.275298,0.172887,0.466714,0.00330725
