Time,Energy,Cost,Load
0.276403,0.181679,0.453406,0.00781096
