Time,Energy,Cost,Load
0.277729,0.173558,0.459974,0.00652763
