Time,Energy,Cost,Load
0.30449,0.291511,0.385767,0.409003
