Time,Energy,Cost,Load
0.304239,0.291685,0.393492,0.405004
