Time,Energy,Cost,Load
0.30449,0.291511,0.386118,0.408067
