Time,Energy,Cost,Load
0.302232,0.291045,0.386868,0.407792
