Time,Energy,Cost,Load
0.304991,0.291955,0.385714,0.409037
