Time,Energy,Cost,Load
0.306496,0.291789,0.388158,0.406231
