Time,Energy,Cost,Load
0.305493,0.293447,0.390496,0.40525
