Time,Energy,Cost,Load
0.30474,0.294231,0.392257,0.40503
