Time,Energy,Cost,Load
0.307499,0.29494,0.387116,0.407115
