Time,Energy,Cost,Load
0.308753,0.292256,0.388765,0.405854
