Time,Energy,Cost,Load
0.307249,0.293125,0.386241,0.407943
