Time,Energy,Cost,Load
0.307499,0.293822,0.388716,0.405908
