Time,Energy,Cost,Load
0.306747,0.293096,0.386265,0.407829
