Time,Energy,Cost,Load
0.307249,0.293305,0.385625,0.409006
