Time,Energy,Cost,Load
0.306747,0.293096,0.385798,0.408753
