Time,Energy,Cost,Load
0.306747,0.294596,0.38645,0.407453
