Time,Energy,Cost,Load
0.306496,0.291789,0.389136,0.405661
