Time,Energy,Cost,Load
0.308753,0.296194,0.388748,0.40584
