Time,Energy,Cost,Load
0.309255,0.29451,0.388845,0.405721
