Time,Energy,Cost,Load
0.309757,0.296946,0.388211,0.406139
