Time,Energy,Cost,Load
0.310008,0.295068,0.391236,0.405051
