Time,Energy,Cost,Load
0.309506,0.295882,0.390096,0.405317
