Time,Energy,Cost,Load
0.302985,0.291255,0.392079,0.405075
