Time,Energy,Cost,Load
0.309255,0.29451,0.390329,0.405377
