Time,Energy,Cost,Load
0.309004,0.29528,0.387041,0.40702
