Time,Energy,Cost,Load
0.309255,0.29451,0.389777,0.405388
