Time,Energy,Cost,Load
0.308753,0.294171,0.387433,0.406648
