Time,Energy,Cost,Load
0.308753,0.29463,0.387134,0.40687
