Time,Energy,Cost,Load
0.312265,0.295535,0.390036,0.405279
