Time,Energy,Cost,Load
0.311512,0.294977,0.388037,0.406414
