Time,Energy,Cost,Load
0.311512,0.294977,0.387088,0.407044
