Time,Energy,Cost,Load
0.311512,0.294977,0.390214,0.405337
