Time,Energy,Cost,Load
0.312265,0.295535,0.390072,0.405256
