Time,Energy,Cost,Load
0.303737,0.295369,0.387383,0.407114
