Time,Energy,Cost,Load
0.312516,0.295375,0.388065,0.406251
