Time,Energy,Cost,Load
0.312516,0.296011,0.390016,0.405337
