Time,Energy,Cost,Load
0.303737,0.295369,0.388142,0.406289
