Time,Energy,Cost,Load
0.361174,0.614601,0.468946,0.404941
