Time,Energy,Cost,Load
0.360672,0.614573,0.469449,0.404318
