Time,Energy,Cost,Load
0.358415,0.614106,0.471628,0.402923
