Time,Energy,Cost,Load
0.358415,0.614106,0.471006,0.403485
