Time,Energy,Cost,Load
0.359418,0.614504,0.471388,0.402961
