Time,Energy,Cost,Load
0.362679,0.615569,0.474574,0.402449
