Time,Energy,Cost,Load
0.361675,0.615607,0.471969,0.402732
