Time,Energy,Cost,Load
0.362679,0.617671,0.471596,0.402731
