Time,Energy,Cost,Load
0.361675,0.615607,0.472674,0.402278
