Time,Energy,Cost,Load
0.361675,0.615607,0.472731,0.402238
