Time,Energy,Cost,Load
0.362679,0.616005,0.473572,0.402061
