Time,Energy,Cost,Load
0.361174,0.61648,0.47463,0.40206
