Time,Energy,Cost,Load
0.362679,0.617671,0.471629,0.402727
