Time,Energy,Cost,Load
0.361675,0.615607,0.472653,0.402369
