Time,Energy,Cost,Load
0.361174,0.61648,0.474098,0.402086
