Time,Energy,Cost,Load
0.36293,0.616158,0.46901,0.404809
