Time,Energy,Cost,Load
0.303737,0.295369,0.38871,0.40585
