Time,Energy,Cost,Load
0.36293,0.616158,0.469264,0.404424
