Time,Energy,Cost,Load
0.36293,0.616158,0.468935,0.404881
