Time,Energy,Cost,Load
0.36293,0.616158,0.469188,0.404602
