Time,Energy,Cost,Load
0.36293,0.616158,0.469247,0.40443
