Time,Energy,Cost,Load
0.36293,0.616158,0.469057,0.404874
