Time,Energy,Cost,Load
0.36293,0.616158,0.46907,0.404724
