Time,Energy,Cost,Load
0.365438,0.617571,0.47178,0.402594
