Time,Energy,Cost,Load
0.365438,0.617571,0.472479,0.40241
