Time,Energy,Cost,Load
0.36293,0.616158,0.469343,0.404301
