Time,Energy,Cost,Load
0.365438,0.617571,0.471635,0.40272
