Time,Energy,Cost,Load
0.365438,0.617571,0.472239,0.402475
