Time,Energy,Cost,Load
0.367695,0.618038,0.470127,0.403739
