Time,Energy,Cost,Load
0.364936,0.617096,0.470011,0.403793
