Time,Energy,Cost,Load
0.303737,0.295369,0.389006,0.405708
