Time,Energy,Cost,Load
0.365438,0.617571,0.471579,0.402754
