Time,Energy,Cost,Load
0.367695,0.618038,0.470862,0.403163
