Time,Energy,Cost,Load
0.368698,0.618436,0.470857,0.40317
