Time,Energy,Cost,Load
0.368698,0.619073,0.472299,0.402418
