Time,Energy,Cost,Load
0.303737,0.295369,0.388588,0.405988
