Time,Energy,Cost,Load
0.367695,0.618038,0.471017,0.403094
