Time,Energy,Cost,Load
0.215075,0.240885,0.274239,0.202548
