Time,Energy,Cost,Load
0.21531,0.241099,0.276851,0.201891
