Time,Energy,Cost,Load
0.214958,0.240839,0.274786,0.202275
