Time,Energy,Cost,Load
0.222836,0.225461,0.288583,0.201421
