Time,Energy,Cost,Load
0.215075,0.223125,0.274348,0.202451
