Time,Energy,Cost,Load
0.222836,0.242999,0.288846,0.201347
