Time,Energy,Cost,Load
0.215075,0.223117,0.273849,0.202691
