Time,Energy,Cost,Load
0.21531,0.241416,0.276818,0.201864
