Time,Energy,Cost,Load
0.215663,0.223338,0.274297,0.202531
