Time,Energy,Cost,Load
0.214958,0.223079,0.274903,0.202263
