Time,Energy,Cost,Load
0.222601,0.24292,0.288962,0.201421
