Time,Energy,Cost,Load
0.215428,0.240946,0.272944,0.203836
