Time,Energy,Cost,Load
0.218133,0.242712,0.271598,0.205419
