Time,Energy,Cost,Load
0.215075,0.240858,0.273548,0.203007
