Time,Energy,Cost,Load
0.214958,0.223079,0.273839,0.20286
