Time,Energy,Cost,Load
0.215781,0.24089,0.276719,0.201851
