Time,Energy,Cost,Load
0.222601,0.225383,0.288632,0.201529
