Time,Energy,Cost,Load
0.223542,0.243583,0.288456,0.201425
