Time,Energy,Cost,Load
0.215663,0.241411,0.275119,0.202162
