Time,Energy,Cost,Load
0.214958,0.223079,0.272798,0.203997
