Time,Energy,Cost,Load
0.215075,0.241065,0.275223,0.202063
