Time,Energy,Cost,Load
0.222719,0.24296,0.288961,0.201431
