Time,Energy,Cost,Load
0.222601,0.24292,0.2874,0.201701
