Time,Energy,Cost,Load
0.220484,0.243748,0.271672,0.205143
