Time,Energy,Cost,Load
0.215075,0.223305,0.272885,0.203863
