Time,Energy,Cost,Load
0.220484,0.243748,0.271246,0.207026
