Time,Energy,Cost,Load
0.214958,0.223079,0.27645,0.201984
