Time,Energy,Cost,Load
0.222719,0.225493,0.287528,0.201723
