Time,Energy,Cost,Load
0.222719,0.242925,0.287272,0.20174
