Time,Energy,Cost,Load
0.22413,0.243272,0.288691,0.201381
