Time,Energy,Cost,Load
0.215781,0.223511,0.274845,0.20233
