Time,Energy,Cost,Load
0.226364,0.246737,0.272226,0.20451
