Time,Energy,Cost,Load
0.215663,0.22345,0.273156,0.203644
