Time,Energy,Cost,Load
0.216251,0.241281,0.271849,0.205562
