Time,Energy,Cost,Load
0.215075,0.240901,0.273824,0.202815
