Time,Energy,Cost,Load
0.215075,0.240948,0.275613,0.201985
