Time,Energy,Cost,Load
0.216839,0.24215,0.276253,0.201897
