Time,Energy,Cost,Load
0.215075,0.240885,0.273972,0.202688
