Time,Energy,Cost,Load
0.228598,0.248237,0.271561,0.206199
