Time,Energy,Cost,Load
0.214958,0.223079,0.274466,0.202507
