Time,Energy,Cost,Load
0.214958,0.240839,0.276128,0.201958
