Time,Energy,Cost,Load
0.214958,0.223079,0.275308,0.202204
