Time,Energy,Cost,Load
0.21531,0.223401,0.275889,0.201991
