Time,Energy,Cost,Load
0.216016,0.223529,0.272945,0.203376
