Time,Energy,Cost,Load
0.214958,0.223079,0.273171,0.20352
