Time,Energy,Cost,Load
0.215663,0.223125,0.274859,0.202313
