Time,Energy,Cost,Load
0.216839,0.224273,0.275715,0.202031
