Time,Energy,Cost,Load
0.214958,0.223079,0.275156,0.202305
