Time,Energy,Cost,Load
0.216016,0.241289,0.273216,0.203214
