Time,Energy,Cost,Load
0.21531,0.223492,0.274942,0.202224
