Time,Energy,Cost,Load
0.214958,0.223079,0.273667,0.202947
