Time,Energy,Cost,Load
0.21531,0.223264,0.273383,0.203082
