Time,Energy,Cost,Load
0.214958,0.223079,0.27424,0.202567
