Time,Energy,Cost,Load
0.214958,0.223079,0.275494,0.202055
