Time,Energy,Cost,Load
0.214958,0.223079,0.276505,0.2019
