Time,Energy,Cost,Load
0.215428,0.22314,0.273827,0.202809
