Time,Energy,Cost,Load
0.215075,0.223125,0.274632,0.202431
