Time,Energy,Cost,Load
0.215546,0.223453,0.275068,0.202167
