Time,Energy,Cost,Load
0.215075,0.223084,0.277836,0.201747
