Time,Energy,Cost,Load
0.215075,0.223084,0.275384,0.202192
