Time,Energy,Cost,Load
0.222601,0.225383,0.287537,0.201561
