Time,Energy,Cost,Load
0.214958,0.223079,0.274538,0.202481
