Time,Energy,Cost,Load
0.214958,0.223079,0.274633,0.202351
