Time,Energy,Cost,Load
0.215428,0.223407,0.275031,0.202218
