Time,Energy,Cost,Load
0.215075,0.223168,0.274601,0.20245
