Time,Energy,Cost,Load
0.214958,0.223079,0.273552,0.203007
