Time,Energy,Cost,Load
0.214958,0.223079,0.275206,0.202264
