Time,Energy,Cost,Load
0.222601,0.24292,0.288462,0.201608
