Time,Energy,Cost,Load
0.214958,0.240839,0.272739,0.203433
