Time,Energy,Cost,Load
0.214958,0.240839,0.272651,0.203473
