Time,Energy,Cost,Load
0.214958,0.240839,0.273753,0.202705
