Time,Energy,Cost,Load
0.214958,0.240839,0.273955,0.202628
