Time,Energy,Cost,Load
0.214958,0.240839,0.275075,0.20209
