Time,Energy,Cost,Load
0.214958,0.240839,0.272305,0.203797
