Time,Energy,Cost,Load
0.214958,0.240839,0.272515,0.203587
