Time,Energy,Cost,Load
0.214958,0.240839,0.272176,0.203925
