Time,Energy,Cost,Load
0.214958,0.240839,0.274723,0.202243
