Time,Energy,Cost,Load
0.214958,0.240839,0.273822,0.202653
