Time,Energy,Cost,Load
0.214958,0.240839,0.273268,0.203051
