Time,Energy,Cost,Load
0.214958,0.240839,0.275278,0.202005
