Time,Energy,Cost,Load
0.215075,0.240858,0.274216,0.202462
