Time,Energy,Cost,Load
0.215075,0.240877,0.273961,0.202589
