Time,Energy,Cost,Load
0.214958,0.240839,0.27574,0.201925
