Time,Energy,Cost,Load
0.215075,0.240928,0.272258,0.203823
