Time,Energy,Cost,Load
0.215075,0.241031,0.274522,0.202318
