Time,Energy,Cost,Load
0.215193,0.241069,0.274437,0.202362
