Time,Energy,Cost,Load
0.215193,0.241075,0.274261,0.202456
