Time,Energy,Cost,Load
0.215075,0.240928,0.272656,0.20346
