Time,Energy,Cost,Load
0.215075,0.240921,0.273716,0.202766
