Time,Energy,Cost,Load
0.215075,0.240921,0.274556,0.202303
