Time,Energy,Cost,Load
0.215075,0.241031,0.274344,0.202415
