Time,Energy,Cost,Load
0.215075,0.240921,0.274338,0.20243
