Time,Energy,Cost,Load
0.215193,0.24112,0.274495,0.202326
