Time,Energy,Cost,Load
0.215428,0.241167,0.275111,0.202049
