Time,Energy,Cost,Load
0.222601,0.24292,0.288349,0.201665
