Time,Energy,Cost,Load
0.215428,0.242464,0.275695,0.201892
