Time,Energy,Cost,Load
0.215428,0.241167,0.274535,0.202301
