Time,Energy,Cost,Load
0.222601,0.24292,0.289211,0.201529
