Time,Energy,Cost,Load
0.215428,0.241443,0.274868,0.202174
