Time,Energy,Cost,Load
0.305994,0.293565,0.391344,0.405009
