Time,Energy,Cost,Load
0.302483,0.29143,0.391208,0.405049
