Time,Energy,Cost,Load
0.302232,0.291045,0.386681,0.407887
