Time,Energy,Cost,Load
0.305242,0.293355,0.390387,0.405168
