Time,Energy,Cost,Load
0.302232,0.291045,0.389276,0.40555
