Time,Energy,Cost,Load
0.302483,0.291237,0.38835,0.405986
