Time,Energy,Cost,Load
0.302232,0.291045,0.388474,0.405918
