Time,Energy,Cost,Load
0.302734,0.291651,0.39128,0.405037
