Time,Energy,Cost,Load
0.303236,0.291837,0.391027,0.405088
