Time,Energy,Cost,Load
0.308753,0.29646,0.390481,0.40512
