Time,Energy,Cost,Load
0.302232,0.291045,0.390175,0.405337
