Time,Energy,Cost,Load
0.302734,0.291651,0.391075,0.405081
