Time,Energy,Cost,Load
0.302232,0.291045,0.386627,0.407921
