Time,Energy,Cost,Load
0.303988,0.291968,0.391159,0.405011
