Time,Energy,Cost,Load
0.302232,0.291045,0.386835,0.407606
