Time,Energy,Cost,Load
0.302483,0.29143,0.390571,0.40513
