Time,Energy,Cost,Load
0.302232,0.291045,0.3876,0.406791
