Time,Energy,Cost,Load
0.30449,0.292115,0.392147,0.405004
