Time,Energy,Cost,Load
0.302483,0.29118,0.389612,0.405438
