Time,Energy,Cost,Load
0.303236,0.291447,0.390632,0.405097
