Time,Energy,Cost,Load
0.360171,0.615174,0.473354,0.402316
