Time,Energy,Cost,Load
0.302232,0.291045,0.388152,0.406131
