Time,Energy,Cost,Load
0.303236,0.291837,0.391084,0.405037
