Time,Energy,Cost,Load
0.303236,0.29152,0.392425,0.405037
