Time,Energy,Cost,Load
0.302232,0.291045,0.388235,0.406057
