Time,Energy,Cost,Load
0.302734,0.291259,0.388961,0.405694
