Time,Energy,Cost,Load
0.305242,0.293355,0.389747,0.405328
