Time,Energy,Cost,Load
0.302232,0.291045,0.388459,0.405922
