Time,Energy,Cost,Load
0.358415,0.614106,0.470541,0.403945
