Time,Energy,Cost,Load
0.302232,0.291045,0.386965,0.40744
