Time,Energy,Cost,Load
0.305994,0.293565,0.391048,0.405039
