Time,Energy,Cost,Load
0.302232,0.291045,0.388642,0.405838
