Time,Energy,Cost,Load
0.302483,0.291237,0.386777,0.407744
