Time,Energy,Cost,Load
0.302483,0.291237,0.387326,0.406918
