Time,Energy,Cost,Load
0.302232,0.291045,0.387535,0.406837
