Time,Energy,Cost,Load
0.302734,0.291434,0.387306,0.406889
