Time,Energy,Cost,Load
0.302734,0.291259,0.389764,0.405352
