Time,Energy,Cost,Load
0.302232,0.291045,0.386823,0.407607
