Time,Energy,Cost,Load
0.302232,0.291045,0.387231,0.407004
