Time,Energy,Cost,Load
0.302483,0.29143,0.390656,0.405112
