Time,Energy,Cost,Load
0.305744,0.293569,0.389561,0.405445
