Time,Energy,Cost,Load
0.302232,0.291045,0.386959,0.407453
