Time,Energy,Cost,Load
0.302734,0.291259,0.389094,0.405615
