Time,Energy,Cost,Load
0.303737,0.291662,0.389313,0.405523
