Time,Energy,Cost,Load
0.302232,0.291045,0.387143,0.407125
