Time,Energy,Cost,Load
0.305242,0.293355,0.386946,0.407438
