Time,Energy,Cost,Load
0.302232,0.291045,0.388051,0.406171
