Time,Energy,Cost,Load
0.305744,0.293932,0.386704,0.407843
