Time,Energy,Cost,Load
0.302232,0.291045,0.390272,0.405195
