Time,Energy,Cost,Load
0.304239,0.292217,0.391073,0.405052
