Time,Energy,Cost,Load
0.302232,0.291045,0.38687,0.407538
