Time,Energy,Cost,Load
0.302232,0.291045,0.387661,0.406445
