Time,Energy,Cost,Load
0.302232,0.291045,0.387602,0.406502
