Time,Energy,Cost,Load
0.302232,0.291045,0.387371,0.406757
