Time,Energy,Cost,Load
0.302232,0.291045,0.38639,0.408647
