Time,Energy,Cost,Load
0.302985,0.291452,0.389938,0.405278
