Time,Energy,Cost,Load
0.358415,0.614106,0.470345,0.403953
