Time,Energy,Cost,Load
0.302232,0.291045,0.386621,0.407934
