Time,Energy,Cost,Load
0.302232,0.291045,0.386503,0.408396
