Time,Energy,Cost,Load
0.302734,0.291488,0.389877,0.405301
