Time,Energy,Cost,Load
0.304239,0.292217,0.390922,0.405068
