Time,Energy,Cost,Load
0.302985,0.291327,0.3926,0.405047
