Time,Energy,Cost,Load
0.302232,0.291045,0.387614,0.406475
