Time,Energy,Cost,Load
0.302232,0.291045,0.388501,0.405944
