Time,Energy,Cost,Load
0.302734,0.291488,0.390426,0.405163
