Time,Energy,Cost,Load
0.302734,0.291488,0.389172,0.405577
