Time,Energy,Cost,Load
0.305242,0.293355,0.386775,0.407684
