Time,Energy,Cost,Load
0.302232,0.291045,0.388421,0.405974
