Time,Energy,Cost,Load
0.302232,0.291045,0.388158,0.406127
