Time,Energy,Cost,Load
0.302232,0.291045,0.39001,0.405257
