Time,Energy,Cost,Load
0.302232,0.291045,0.389141,0.405592
