Time,Energy,Cost,Load
0.302734,0.291488,0.388906,0.405713
