Time,Energy,Cost,Load
0.302483,0.291237,0.387018,0.407256
