Time,Energy,Cost,Load
0.302232,0.291045,0.391239,0.405067
