Time,Energy,Cost,Load
0.302232,0.291045,0.38798,0.406331
