Time,Energy,Cost,Load
0.302232,0.291045,0.38716,0.407106
