Time,Energy,Cost,Load
0.359418,0.614964,0.473244,0.402498
