Time,Energy,Cost,Load
0.303988,0.291968,0.391136,0.405026
