Time,Energy,Cost,Load
0.302232,0.291045,0.390445,0.405155
