Time,Energy,Cost,Load
0.302232,0.291045,0.388839,0.405728
