Time,Energy,Cost,Load
0.360171,0.615174,0.473328,0.402431
