Time,Energy,Cost,Load
0.302985,0.291451,0.388329,0.406042
