Time,Energy,Cost,Load
0.302734,0.291259,0.389877,0.405286
