Time,Energy,Cost,Load
0.302232,0.291045,0.38732,0.406927
