Time,Energy,Cost,Load
0.302232,0.291045,0.388595,0.405861
