Time,Energy,Cost,Load
0.304239,0.292217,0.391114,0.405032
