Time,Energy,Cost,Load
0.302232,0.291045,0.389503,0.405458
