Time,Energy,Cost,Load
0.302483,0.268953,0.389637,0.405516
