Time,Energy,Cost,Load
0.302232,0.268567,0.388953,0.405827
