Time,Energy,Cost,Load
0.303236,0.291442,0.389236,0.405575
