Time,Energy,Cost,Load
0.361675,0.615607,0.469641,0.404897
