Time,Energy,Cost,Load
0.358415,0.593544,0.471448,0.402861
