Time,Energy,Cost,Load
0.359418,0.580834,0.47773,0.403968
