Time,Energy,Cost,Load
0.302985,0.291255,0.387859,0.406629
