Time,Energy,Cost,Load
0.358415,0.593544,0.473034,0.402288
