Time,Energy,Cost,Load
0.358666,0.593736,0.471684,0.402795
