Time,Energy,Cost,Load
0.358666,0.593929,0.47195,0.402611
