Time,Energy,Cost,Load
0.358666,0.593929,0.471792,0.402737
