Time,Energy,Cost,Load
0.305242,0.270878,0.387076,0.407315
