Time,Energy,Cost,Load
0.359418,0.559887,0.478527,0.403412
