Time,Energy,Cost,Load
0.302985,0.291255,0.389636,0.405537
