Time,Energy,Cost,Load
0.359167,0.614316,0.474063,0.401992
