Time,Energy,Cost,Load
0.358666,0.614491,0.47201,0.402569
