Time,Energy,Cost,Load
0.358666,0.614491,0.472945,0.402201
