Time,Energy,Cost,Load
0.302483,0.268703,0.388851,0.405796
