Time,Energy,Cost,Load
0.309255,0.296438,0.390954,0.405091
