Time,Energy,Cost,Load
0.302232,0.268567,0.387135,0.407418
