Time,Energy,Cost,Load
0.302232,0.268567,0.388483,0.406065
