Time,Energy,Cost,Load
0.361675,0.595786,0.471346,0.402795
