Time,Energy,Cost,Load
0.360421,0.581676,0.480481,0.40267
