Time,Energy,Cost,Load
0.359669,0.56008,0.477914,0.403851
