Time,Energy,Cost,Load
0.302985,0.291844,0.389631,0.405574
