Time,Energy,Cost,Load
0.359167,0.593951,0.472622,0.402295
