Time,Energy,Cost,Load
0.302483,0.29143,0.389622,0.405603
