Time,Energy,Cost,Load
0.358415,0.593544,0.472012,0.402823
