Time,Energy,Cost,Load
0.359669,0.56008,0.478692,0.403278
