Time,Energy,Cost,Load
0.302483,0.268953,0.390029,0.40529
