Time,Energy,Cost,Load
0.359669,0.581219,0.477154,0.404596
