Time,Energy,Cost,Load
0.360171,0.560098,0.480278,0.402723
