Time,Energy,Cost,Load
0.359167,0.593754,0.472044,0.402715
