Time,Energy,Cost,Load
0.302985,0.269396,0.389082,0.405657
