Time,Energy,Cost,Load
0.359669,0.56008,0.478693,0.403338
