Time,Energy,Cost,Load
0.306245,0.293319,0.392435,0.405115
