Time,Energy,Cost,Load
0.302232,0.268567,0.387372,0.407068
