Time,Energy,Cost,Load
0.311011,0.295617,0.388866,0.405734
