Time,Energy,Cost,Load
0.302232,0.268567,0.389064,0.40566
