Time,Energy,Cost,Load
0.360672,0.56067,0.479232,0.402965
