Time,Energy,Cost,Load
0.359418,0.559887,0.478117,0.403549
