Time,Energy,Cost,Load
0.359167,0.593754,0.471236,0.403018
