Time,Energy,Cost,Load
0.358916,0.594121,0.471575,0.402765
