Time,Energy,Cost,Load
0.358666,0.593929,0.471135,0.40304
