Time,Energy,Cost,Load
0.358916,0.593987,0.473276,0.402247
