Time,Energy,Cost,Load
0.359418,0.559887,0.477364,0.404296
