Time,Energy,Cost,Load
0.302734,0.268957,0.388757,0.405923
