Time,Energy,Cost,Load
0.36318,0.61976,0.472473,0.402492
