Time,Energy,Cost,Load
0.358666,0.614491,0.471708,0.402787
