Time,Energy,Cost,Load
0.302232,0.268567,0.387171,0.407308
