Time,Energy,Cost,Load
0.359418,0.559887,0.478661,0.403371
