Time,Energy,Cost,Load
0.302483,0.268703,0.390032,0.405397
