Time,Energy,Cost,Load
0.359669,0.56008,0.477807,0.403824
