Time,Energy,Cost,Load
0.302232,0.291045,0.387177,0.407303
