Time,Energy,Cost,Load
0.35992,0.560277,0.479914,0.402836
