Time,Energy,Cost,Load
0.302232,0.268567,0.387802,0.406713
