Time,Energy,Cost,Load
0.358415,0.593544,0.470818,0.403475
