Time,Energy,Cost,Load
0.302985,0.269107,0.388684,0.405877
