Time,Energy,Cost,Load
0.302483,0.268703,0.389907,0.4054
