Time,Energy,Cost,Load
0.360421,0.56068,0.479649,0.402886
