Time,Energy,Cost,Load
0.359669,0.594341,0.472049,0.402574
