Time,Energy,Cost,Load
0.358916,0.593572,0.469888,0.40434
