Time,Energy,Cost,Load
0.305994,0.271088,0.388643,0.40595
