Time,Energy,Cost,Load
0.303236,0.2693,0.388055,0.406235
