Time,Energy,Cost,Load
0.359418,0.559887,0.479249,0.403122
