Time,Energy,Cost,Load
0.302734,0.291622,0.389781,0.405483
