Time,Energy,Cost,Load
0.359418,0.559887,0.47852,0.403414
