Time,Energy,Cost,Load
0.302232,0.268567,0.388847,0.405956
