Time,Energy,Cost,Load
0.358666,0.593929,0.473359,0.402173
