Time,Energy,Cost,Load
0.359418,0.559887,0.478091,0.403586
