Time,Energy,Cost,Load
0.361926,0.594746,0.46988,0.404236
