Time,Energy,Cost,Load
0.359418,0.559887,0.480432,0.40268
