Time,Energy,Cost,Load
0.35992,0.581412,0.481173,0.402598
