Time,Energy,Cost,Load
0.361174,0.61634,0.470909,0.403367
