Time,Energy,Cost,Load
0.35992,0.581412,0.481114,0.402645
