Time,Energy,Cost,Load
0.359167,0.614316,0.473762,0.402052
