Time,Energy,Cost,Load
0.302232,0.291045,0.387657,0.406714
