Time,Energy,Cost,Load
0.358415,0.593544,0.472046,0.402759
