Time,Energy,Cost,Load
0.358666,0.593929,0.472444,0.402512
