Time,Energy,Cost,Load
0.302734,0.268957,0.387953,0.406638
