Time,Energy,Cost,Load
0.359669,0.560272,0.479034,0.403072
