Time,Energy,Cost,Load
0.308753,0.292244,0.386659,0.40811
