Time,Energy,Cost,Load
0.302483,0.291237,0.388303,0.406018
