Time,Energy,Cost,Load
0.308753,0.292244,0.386386,0.408557
