Time,Energy,Cost,Load
0.302734,0.291622,0.3914,0.405126
