Time,Energy,Cost,Load
0.359167,0.593754,0.473666,0.402057
