Time,Energy,Cost,Load
0.359167,0.614688,0.471533,0.402851
