Time,Energy,Cost,Load
0.302232,0.268567,0.38942,0.405822
