Time,Energy,Cost,Load
0.358415,0.614106,0.472993,0.402178
