Time,Energy,Cost,Load
0.358415,0.593544,0.472154,0.402517
