Time,Energy,Cost,Load
0.302232,0.291045,0.388787,0.405992
