Time,Energy,Cost,Load
0.359418,0.559887,0.479722,0.402855
