Time,Energy,Cost,Load
0.359418,0.580834,0.479706,0.40298
