Time,Energy,Cost,Load
0.302734,0.268957,0.388977,0.405773
