Time,Energy,Cost,Load
0.359418,0.580834,0.476969,0.40491
