Time,Energy,Cost,Load
0.302483,0.268703,0.388281,0.406315
