Time,Energy,Cost,Load
0.35992,0.560216,0.477341,0.404054
