Time,Energy,Cost,Load
0.35992,0.581278,0.476916,0.404944
