Time,Energy,Cost,Load
0.302734,0.291488,0.388763,0.40592
