Time,Energy,Cost,Load
0.358916,0.594151,0.472716,0.402411
