Time,Energy,Cost,Load
0.359669,0.560023,0.477677,0.40395
