Time,Energy,Cost,Load
0.302985,0.268778,0.389891,0.405405
