Time,Energy,Cost,Load
0.302232,0.268567,0.389619,0.40563
