Time,Energy,Cost,Load
0.302483,0.291237,0.388178,0.406356
