Time,Energy,Cost,Load
0.359669,0.560272,0.478426,0.403423
