Time,Energy,Cost,Load
0.364434,0.584609,0.478498,0.403293
