Time,Energy,Cost,Load
0.306496,0.294609,0.38786,0.40649
