Time,Energy,Cost,Load
0.302232,0.268567,0.388677,0.405999
