Time,Energy,Cost,Load
0.359669,0.56008,0.478494,0.40336
