Time,Energy,Cost,Load
0.302483,0.26876,0.387708,0.406706
