Time,Energy,Cost,Load
0.359669,0.58097,0.477908,0.403707
