Time,Energy,Cost,Load
0.358415,0.593544,0.474513,0.402171
