Time,Energy,Cost,Load
0.302232,0.291045,0.387892,0.406542
