Time,Energy,Cost,Load
0.302232,0.268567,0.390483,0.405218
