Time,Energy,Cost,Load
0.303486,0.26935,0.386823,0.408277
