Time,Energy,Cost,Load
0.306998,0.2943,0.386243,0.409291
