Time,Energy,Cost,Load
0.359669,0.560023,0.479243,0.403036
