Time,Energy,Cost,Load
0.35992,0.560465,0.479279,0.403006
