Time,Energy,Cost,Load
0.362428,0.560564,0.477535,0.403908
