Time,Energy,Cost,Load
0.358415,0.593544,0.470926,0.40311
