Time,Energy,Cost,Load
0.358415,0.614106,0.470679,0.403504
