Time,Energy,Cost,Load
0.359669,0.581027,0.478373,0.403434
