Time,Energy,Cost,Load
0.358666,0.593679,0.471276,0.403049
