Time,Energy,Cost,Load
0.358415,0.593544,0.471199,0.403083
