Time,Energy,Cost,Load
0.358916,0.61417,0.472948,0.402342
