Time,Energy,Cost,Load
0.302232,0.291045,0.388858,0.405937
