Time,Energy,Cost,Load
0.359418,0.559887,0.477568,0.40398
