Time,Energy,Cost,Load
0.305493,0.293098,0.390984,0.40517
