Time,Energy,Cost,Load
0.312014,0.307569,0.386575,0.408175
