Time,Energy,Cost,Load
0.302985,0.291255,0.386508,0.408615
