Time,Energy,Cost,Load
0.303236,0.291447,0.386338,0.408918
