Time,Energy,Cost,Load
0.358916,0.61432,0.473539,0.402146
