Time,Energy,Cost,Load
0.358916,0.614713,0.4729,0.402314
