Time,Energy,Cost,Load
0.360421,0.56029,0.481182,0.402543
