Time,Energy,Cost,Load
0.302734,0.291373,0.388065,0.406347
