Time,Energy,Cost,Load
0.358666,0.614299,0.472761,0.402447
