Time,Energy,Cost,Load
0.363431,0.597319,0.471911,0.402736
