Time,Energy,Cost,Load
0.310008,0.275172,0.390809,0.405154
