Time,Energy,Cost,Load
0.302483,0.26876,0.388031,0.406378
