Time,Energy,Cost,Load
0.303486,0.268786,0.389764,0.405221
