Time,Energy,Cost,Load
0.25565,0.266207,0.323896,0.407113
