Time,Energy,Cost,Load
0.255734,0.260527,0.322389,0.407716
