Time,Energy,Cost,Load
0.256742,0.266542,0.330608,0.405345
