Time,Energy,Cost,Load
0.256238,0.266354,0.325864,0.406272
