Time,Energy,Cost,Load
0.255482,0.260512,0.321661,0.408334
