Time,Energy,Cost,Load
0.255398,0.2605,0.321481,0.408466
