Time,Energy,Cost,Load
0.255818,0.262317,0.328883,0.405698
