Time,Energy,Cost,Load
0.25523,0.260488,0.32152,0.408652
