Time,Energy,Cost,Load
0.257666,0.266983,0.32909,0.405188
