Time,Energy,Cost,Load
0.25523,0.260488,0.324859,0.406946
