Time,Energy,Cost,Load
0.255734,0.26622,0.326073,0.406328
