Time,Energy,Cost,Load
0.255482,0.266195,0.326161,0.406333
