Time,Energy,Cost,Load
0.256994,0.260694,0.329052,0.405522
