Time,Energy,Cost,Load
0.25523,0.260488,0.3234,0.407515
