Time,Energy,Cost,Load
0.262203,0.281108,0.335164,0.404926
