Time,Energy,Cost,Load
0.255398,0.2605,0.321597,0.408369
