Time,Energy,Cost,Load
0.255398,0.2605,0.322422,0.407874
