Time,Energy,Cost,Load
0.255398,0.2605,0.321558,0.408395
