Time,Energy,Cost,Load
0.257498,0.261166,0.331019,0.405157
