Time,Energy,Cost,Load
0.257498,0.266344,0.328907,0.405503
