Time,Energy,Cost,Load
0.25607,0.266252,0.324499,0.40678
