Time,Energy,Cost,Load
0.25523,0.260488,0.321854,0.408389
