Time,Energy,Cost,Load
0.257834,0.261383,0.330664,0.405161
