Time,Energy,Cost,Load
0.255734,0.260527,0.322395,0.407715
