Time,Energy,Cost,Load
0.255482,0.266195,0.321008,0.409225
