Time,Energy,Cost,Load
0.25523,0.260488,0.322866,0.407816
