Time,Energy,Cost,Load
0.255398,0.266183,0.321149,0.40913
