Time,Energy,Cost,Load
0.255398,0.26066,0.325666,0.406497
