Time,Energy,Cost,Load
0.255398,0.26066,0.329551,0.405689
