Time,Energy,Cost,Load
0.256322,0.266508,0.325844,0.406284
