Time,Energy,Cost,Load
0.255902,0.260735,0.320794,0.409466
