Time,Energy,Cost,Load
0.255566,0.266196,0.328787,0.405529
