Time,Energy,Cost,Load
0.255566,0.261251,0.328861,0.405841
