Time,Energy,Cost,Load
0.255566,0.260524,0.325472,0.406526
