Time,Energy,Cost,Load
0.255566,0.260514,0.323536,0.407231
