Time,Energy,Cost,Load
0.25523,0.260488,0.326057,0.406557
