Time,Energy,Cost,Load
0.255398,0.26055,0.321214,0.408827
