Time,Energy,Cost,Load
0.264471,0.277772,0.335216,0.404967
