Time,Energy,Cost,Load
0.25523,0.260488,0.324195,0.407219
