Time,Energy,Cost,Load
0.256154,0.260573,0.322563,0.4076
