Time,Energy,Cost,Load
0.255398,0.26066,0.326005,0.406449
