Time,Energy,Cost,Load
0.260271,0.276713,0.336847,0.404786
