Time,Energy,Cost,Load
0.255818,0.260548,0.325558,0.406426
