Time,Energy,Cost,Load
0.25523,0.260488,0.32181,0.408421
