Time,Energy,Cost,Load
0.25565,0.266208,0.326311,0.406202
