Time,Energy,Cost,Load
0.255482,0.260512,0.326204,0.406316
