Time,Energy,Cost,Load
0.258086,0.260824,0.328632,0.405498
