Time,Energy,Cost,Load
0.25901,0.261139,0.328278,0.405464
