Time,Energy,Cost,Load
0.25649,0.260562,0.32785,0.405788
