Time,Energy,Cost,Load
0.255482,0.260509,0.324058,0.407082
