Time,Energy,Cost,Load
0.25565,0.266204,0.32586,0.406459
