Time,Energy,Cost,Load
0.25523,0.260488,0.327439,0.406054
