Time,Energy,Cost,Load
0.255482,0.260509,0.324062,0.407079
