Time,Energy,Cost,Load
0.255398,0.2605,0.323684,0.407154
