Time,Energy,Cost,Load
0.255734,0.266209,0.322885,0.407539
