Time,Energy,Cost,Load
0.25817,0.264129,0.328907,0.405306
