Time,Energy,Cost,Load
0.255398,0.266183,0.326287,0.40641
