Time,Energy,Cost,Load
0.255566,0.260514,0.32319,0.407408
