Time,Energy,Cost,Load
0.255566,0.266196,0.32627,0.406251
