Time,Energy,Cost,Load
0.256154,0.266246,0.323737,0.407085
