Time,Energy,Cost,Load
0.255734,0.260553,0.326688,0.406156
