Time,Energy,Cost,Load
0.255902,0.260567,0.327722,0.405576
