Time,Energy,Cost,Load
0.255566,0.260541,0.32597,0.406385
