Time,Energy,Cost,Load
0.255566,0.266213,0.320219,0.410098
