Time,Energy,Cost,Load
0.25607,0.266236,0.327655,0.405595
