Time,Energy,Cost,Load
0.25523,0.260488,0.325088,0.406904
