Time,Energy,Cost,Load
0.255734,0.260527,0.322925,0.4073
