Time,Energy,Cost,Load
0.25523,0.260488,0.321479,0.408696
