Time,Energy,Cost,Load
0.255566,0.260673,0.321134,0.408905
