Time,Energy,Cost,Load
0.257918,0.264223,0.330009,0.405248
