Time,Energy,Cost,Load
0.25565,0.266207,0.323929,0.407058
