Time,Energy,Cost,Load
0.260859,0.261708,0.335554,0.405046
