Time,Energy,Cost,Load
0.260271,0.273075,0.332385,0.405142
