Time,Energy,Cost,Load
0.25523,0.260488,0.321549,0.408649
