Time,Energy,Cost,Load
0.25565,0.260553,0.32493,0.406721
