Time,Energy,Cost,Load
0.257582,0.2607,0.322297,0.407871
