Time,Energy,Cost,Load
0.260271,0.261447,0.321043,0.408835
