Time,Energy,Cost,Load
0.255986,0.260561,0.324655,0.406807
