Time,Energy,Cost,Load
0.255566,0.266196,0.326339,0.406257
