Time,Energy,Cost,Load
0.25523,0.260488,0.325233,0.406823
