Time,Energy,Cost,Load
0.25523,0.260488,0.321412,0.408792
