Time,Energy,Cost,Load
0.255734,0.26622,0.326019,0.406355
