Time,Energy,Cost,Load
0.255818,0.260541,0.325559,0.406341
