Time,Energy,Cost,Load
0.255734,0.260537,0.323978,0.407008
