Time,Energy,Cost,Load
0.255986,0.260562,0.328538,0.405733
