Time,Energy,Cost,Load
0.25607,0.260653,0.326128,0.40613
