Time,Energy,Cost,Load
0.25523,0.260488,0.32257,0.408001
