Time,Energy,Cost,Load
0.255986,0.266234,0.324195,0.406923
