Time,Energy,Cost,Load
0.25523,0.260488,0.322003,0.408279
