Time,Energy,Cost,Load
0.262119,0.277095,0.336585,0.404698
