Time,Energy,Cost,Load
0.25565,0.266207,0.323944,0.407046
