Time,Energy,Cost,Load
0.255398,0.266183,0.330211,0.40554
