Time,Energy,Cost,Load
0.255986,0.260735,0.321641,0.408308
