Time,Energy,Cost,Load
0.25565,0.26058,0.32275,0.40758
