Time,Energy,Cost,Load
0.25607,0.260832,0.326033,0.406178
