Time,Energy,Cost,Load
0.255398,0.2605,0.322698,0.407719
