Time,Energy,Cost,Load
0.255566,0.260541,0.325204,0.406616
