Time,Energy,Cost,Load
0.274301,0.280133,0.327832,0.405387
