Time,Energy,Cost,Load
0.25523,0.260488,0.321619,0.4086
