Time,Energy,Cost,Load
0.257414,0.260634,0.322165,0.40802
