Time,Energy,Cost,Load
0.255986,0.266234,0.323542,0.407187
