Time,Energy,Cost,Load
0.255398,0.260511,0.32494,0.406798
