Time,Energy,Cost,Load
0.258926,0.261181,0.321355,0.40851
