Time,Energy,Cost,Load
0.25607,0.26056,0.329252,0.405348
