Time,Energy,Cost,Load
0.261111,0.276983,0.337916,0.404646
