Time,Energy,Cost,Load
0.264723,0.366614,0.336666,0.40469
