Time,Energy,Cost,Load
0.255986,0.260551,0.326517,0.406145
