Time,Energy,Cost,Load
0.25523,0.260488,0.32331,0.407605
