Time,Energy,Cost,Load
0.255314,0.2605,0.323095,0.407754
