Time,Energy,Cost,Load
0.256322,0.266271,0.324169,0.406865
