Time,Energy,Cost,Load
0.257162,0.260692,0.32566,0.406231
