Time,Energy,Cost,Load
0.255818,0.266216,0.329376,0.405465
