Time,Energy,Cost,Load
0.25523,0.260488,0.32342,0.407474
