Time,Energy,Cost,Load
0.256154,0.266246,0.323566,0.407123
