Time,Energy,Cost,Load
0.261951,0.262139,0.32138,0.408448
