Time,Energy,Cost,Load
0.25565,0.260559,0.325471,0.40652
