Time,Energy,Cost,Load
0.255398,0.266183,0.324852,0.406811
