Time,Energy,Cost,Load
0.255482,0.260514,0.324988,0.406755
