Time,Energy,Cost,Load
0.255902,0.260735,0.321107,0.409063
