Time,Energy,Cost,Load
0.255398,0.2605,0.32264,0.407757
