Time,Energy,Cost,Load
0.256154,0.266246,0.323776,0.406962
