Time,Energy,Cost,Load
0.256154,0.2606,0.3239,0.40708
