Time,Energy,Cost,Load
0.255482,0.266195,0.325963,0.406412
