Time,Energy,Cost,Load
0.255398,0.2605,0.321437,0.4085
