Time,Energy,Cost,Load
0.25817,0.264144,0.325492,0.406458
