Time,Energy,Cost,Load
0.255734,0.26057,0.326661,0.406055
