Time,Energy,Cost,Load
0.25607,0.260597,0.325013,0.406605
