Time,Energy,Cost,Load
0.25523,0.260488,0.321706,0.408519
