Time,Energy,Cost,Load
0.255398,0.266183,0.328189,0.405832
