Time,Energy,Cost,Load
0.270016,0.388754,0.34559,0.40418
