Time,Energy,Cost,Load
0.25565,0.266207,0.324091,0.406992
