Time,Energy,Cost,Load
0.255818,0.260538,0.324892,0.406666
