Time,Energy,Cost,Load
0.255734,0.260527,0.325222,0.406459
