Time,Energy,Cost,Load
0.255314,0.260516,0.323193,0.407616
