Time,Energy,Cost,Load
0.255314,0.260506,0.324711,0.406868
