Time,Energy,Cost,Load
0.267244,0.368466,0.340469,0.404253
