Time,Energy,Cost,Load
0.255734,0.260527,0.322591,0.407551
