Time,Energy,Cost,Load
0.256994,0.260757,0.322297,0.407796
