Time,Energy,Cost,Load
0.255986,0.260595,0.324994,0.406658
