Time,Energy,Cost,Load
0.255398,0.266183,0.325129,0.406646
