Time,Energy,Cost,Load
0.255398,0.26066,0.325422,0.406593
