Time,Energy,Cost,Load
0.25565,0.260524,0.324702,0.406812
