Time,Energy,Cost,Load
0.255314,0.260496,0.324657,0.407
