Time,Energy,Cost,Load
0.255566,0.260673,0.321175,0.408865
