Time,Energy,Cost,Load
0.255314,0.260506,0.325993,0.406475
