Time,Energy,Cost,Load
0.25523,0.260488,0.325842,0.406641
