Time,Energy,Cost,Load
0.255482,0.260509,0.324326,0.406844
