Time,Energy,Cost,Load
0.255902,0.260557,0.326924,0.40585
