Time,Energy,Cost,Load
0.255902,0.26054,0.325045,0.40657
