Time,Energy,Cost,Load
0.25523,0.260488,0.32678,0.406208
