Time,Energy,Cost,Load
0.255818,0.260538,0.32488,0.406676
