Time,Energy,Cost,Load
0.25565,0.260523,0.328191,0.405884
