Time,Energy,Cost,Load
0.25523,0.260488,0.323195,0.407705
