Time,Energy,Cost,Load
0.255566,0.266196,0.324745,0.406732
