Time,Energy,Cost,Load
0.255398,0.2605,0.321758,0.408306
