Time,Energy,Cost,Load
0.25523,0.260488,0.326185,0.406446
