Time,Energy,Cost,Load
0.255734,0.260538,0.326329,0.406268
