Time,Energy,Cost,Load
0.255566,0.260514,0.323174,0.407411
