Time,Energy,Cost,Load
0.255398,0.2605,0.321658,0.408364
