Time,Energy,Cost,Load
0.255986,0.266234,0.323445,0.407242
