Time,Energy,Cost,Load
0.255986,0.260552,0.325121,0.406498
