Time,Energy,Cost,Load
0.255902,0.260639,0.326056,0.406242
