Time,Energy,Cost,Load
0.255566,0.260562,0.321307,0.408681
