Time,Energy,Cost,Load
0.255566,0.260524,0.325342,0.406578
