Time,Energy,Cost,Load
0.25607,0.260748,0.321095,0.40878
