Time,Energy,Cost,Load
0.258926,0.261066,0.322205,0.407967
