Time,Energy,Cost,Load
0.255986,0.260579,0.325034,0.406607
