Time,Energy,Cost,Load
0.255818,0.260538,0.326579,0.405886
