Time,Energy,Cost,Load
0.25565,0.260615,0.326107,0.406244
