Time,Energy,Cost,Load
0.255398,0.26055,0.321167,0.408874
