Time,Energy,Cost,Load
0.255398,0.2605,0.324137,0.40698
