Time,Energy,Cost,Load
0.25565,0.260553,0.324007,0.407002
