Time,Energy,Cost,Load
0.255566,0.260514,0.323274,0.407389
