Time,Energy,Cost,Load
0.255734,0.260554,0.32736,0.405871
