Time,Energy,Cost,Load
0.255566,0.260673,0.32123,0.408804
