Time,Energy,Cost,Load
0.255398,0.266183,0.321159,0.409118
