Time,Energy,Cost,Load
0.255314,0.260506,0.326092,0.406429
