Time,Energy,Cost,Load
0.255398,0.2605,0.324428,0.406918
