Time,Energy,Cost,Load
0.256322,0.260613,0.324843,0.406525
