Time,Energy,Cost,Load
0.25523,0.260488,0.324238,0.40725
