Time,Energy,Cost,Load
0.255902,0.266222,0.324686,0.406659
