Time,Energy,Cost,Load
0.255482,0.260512,0.325871,0.406432
