Time,Energy,Cost,Load
0.259094,0.26809,0.333034,0.405105
