Time,Energy,Cost,Load
0.255986,0.266234,0.324036,0.406932
