Time,Energy,Cost,Load
0.255566,0.266213,0.320961,0.409229
