Time,Energy,Cost,Load
0.255566,0.266196,0.325526,0.406525
