Time,Energy,Cost,Load
0.255398,0.2605,0.322223,0.407974
