Time,Energy,Cost,Load
0.255398,0.2605,0.322248,0.407951
