Time,Energy,Cost,Load
0.255566,0.260514,0.322607,0.407693
