Time,Energy,Cost,Load
0.255398,0.266183,0.324815,0.406832
