Time,Energy,Cost,Load
0.255734,0.260527,0.322511,0.40761
