Time,Energy,Cost,Load
0.25523,0.260488,0.321597,0.408616
