Time,Energy,Cost,Load
0.255986,0.260552,0.324731,0.406663
