Time,Energy,Cost,Load
0.259178,0.261105,0.322103,0.40798
