Time,Energy,Cost,Load
0.262287,0.261703,0.320731,0.408847
