Time,Energy,Cost,Load
0.255398,0.26055,0.321253,0.408815
