Time,Energy,Cost,Load
0.255398,0.266183,0.329253,0.405829
