Time,Energy,Cost,Load
0.25775,0.267068,0.328901,0.40545
