Time,Energy,Cost,Load
0.255482,0.266201,0.321143,0.40901
