Time,Energy,Cost,Load
0.25607,0.260597,0.32717,0.405822
