Time,Energy,Cost,Load
0.25649,0.266283,0.325733,0.406058
