Time,Energy,Cost,Load
0.260607,0.261342,0.330121,0.405072
