Time,Energy,Cost,Load
0.255314,0.260496,0.324829,0.406946
