Time,Energy,Cost,Load
0.255398,0.2605,0.322116,0.408055
