Time,Energy,Cost,Load
0.258422,0.261047,0.321997,0.408129
