Time,Energy,Cost,Load
0.256154,0.266246,0.324936,0.406452
