Time,Energy,Cost,Load
0.256238,0.260603,0.326121,0.406223
