Time,Energy,Cost,Load
0.264555,0.262027,0.322136,0.407962
