Time,Energy,Cost,Load
0.255818,0.266274,0.327614,0.405869
