Time,Energy,Cost,Load
0.256994,0.266365,0.3283,0.405498
