Time,Energy,Cost,Load
0.260439,0.260799,0.324725,0.406697
