Time,Energy,Cost,Load
0.255986,0.260735,0.321078,0.408878
