Time,Energy,Cost,Load
0.255314,0.260496,0.324883,0.406912
