Time,Energy,Cost,Load
0.255398,0.2605,0.32209,0.408067
