Time,Energy,Cost,Load
0.25523,0.260488,0.324789,0.406981
