Time,Energy,Cost,Load
0.255398,0.2605,0.323191,0.407461
