Time,Energy,Cost,Load
0.257834,0.260725,0.322372,0.407707
