Time,Energy,Cost,Load
0.255566,0.266196,0.326822,0.406105
