Time,Energy,Cost,Load
0.25859,0.261099,0.322777,0.407516
