Time,Energy,Cost,Load
0.270879,0.145995,0.470124,0.00336293
