Time,Energy,Cost,Load
0.269554,0.17974,0.452333,0.0103984
