Time,Energy,Cost,Load
0.269554,0.179829,0.461631,0.00436598
