Time,Energy,Cost,Load
0.274635,0.182134,0.450913,0.0147009
