Time,Energy,Cost,Load
0.269112,0.179712,0.451373,0.0140772
