Time,Energy,Cost,Load
0.272205,0.137658,0.46336,0.0060339
