Time,Energy,Cost,Load
0.276624,0.14046,0.474696,0.00346456
