Time,Energy,Cost,Load
0.269775,0.18273,0.470867,0.00377202
