Time,Energy,Cost,Load
0.270217,0.180366,0.451263,0.0134276
