Time,Energy,Cost,Load
0.268891,0.179703,0.464834,0.00398733
