Time,Energy,Cost,Load
0.273973,0.137596,0.468124,0.00681533
