Time,Energy,Cost,Load
0.269112,0.179712,0.447714,0.0195046
