Time,Energy,Cost,Load
0.268891,0.145355,0.453378,0.0120169
