Time,Energy,Cost,Load
0.273531,0.137322,0.47248,0.0067745
