Time,Energy,Cost,Load
0.273531,0.138132,0.464689,0.0046251
