Time,Energy,Cost,Load
0.269333,0.145586,0.461659,0.00414325
