Time,Energy,Cost,Load
0.274635,0.186775,0.460357,0.00395764
