Time,Energy,Cost,Load
0.274856,0.137796,0.469279,0.00354372
