Time,Energy,Cost,Load
0.276845,0.138708,0.471852,0.00248944
