Time,Energy,Cost,Load
0.269112,0.179712,0.452511,0.0111965
