Time,Energy,Cost,Load
0.268891,0.179703,0.450984,0.0164085
