Time,Energy,Cost,Load
0.269112,0.14538,0.454017,0.00920305
