Time,Energy,Cost,Load
0.2711,0.145789,0.453684,0.010172
