Time,Energy,Cost,Load
0.268891,0.145355,0.455725,0.0124142
