Time,Energy,Cost,Load
0.269112,0.179712,0.451405,0.0122545
