Time,Energy,Cost,Load
0.278171,0.187899,0.446067,0.0360055
