Time,Energy,Cost,Load
0.270217,0.181522,0.455856,0.00670842
