Time,Energy,Cost,Load
0.270658,0.179821,0.452009,0.0109627
