Time,Energy,Cost,Load
0.268891,0.179703,0.454153,0.0101237
