Time,Energy,Cost,Load
0.269112,0.145364,0.452923,0.0105914
