Time,Energy,Cost,Load
0.269112,0.14538,0.454095,0.00903971
