Time,Energy,Cost,Load
0.268891,0.145355,0.454357,0.00904714
