Time,Energy,Cost,Load
0.272647,0.137687,0.457517,0.0161424
