Time,Energy,Cost,Load
0.279275,0.139968,0.459077,0.00889234
