Time,Energy,Cost,Load
0.269554,0.145392,0.451301,0.0169394
