Time,Energy,Cost,Load
0.272647,0.137687,0.459915,0.00624921
