Time,Energy,Cost,Load
0.268891,0.145355,0.461007,0.00465554
