Time,Energy,Cost,Load
0.270658,0.148453,0.452715,0.0131529
