Time,Energy,Cost,Load
0.269112,0.145364,0.456118,0.00661561
