Time,Energy,Cost,Load
0.269112,0.179728,0.453574,0.00955943
