Time,Energy,Cost,Load
0.268891,0.145355,0.458526,0.00500078
