Time,Energy,Cost,Load
0.269333,0.145384,0.454588,0.00722813
