Time,Energy,Cost,Load
0.274194,0.139038,0.463535,0.00429656
