Time,Energy,Cost,Load
0.274856,0.137911,0.468642,0.00372813
