Time,Energy,Cost,Load
0.269775,0.145903,0.462183,0.0039465
