Time,Energy,Cost,Load
0.272205,0.137658,0.464372,0.00552903
