Time,Energy,Cost,Load
0.273531,0.145561,0.459588,0.00493396
