Time,Energy,Cost,Load
0.278171,0.153551,0.450261,0.022634
