Time,Energy,Cost,Load
0.27331,0.138239,0.467538,0.0050831
