Time,Energy,Cost,Load
0.268891,0.145355,0.454535,0.00752883
