Time,Energy,Cost,Load
0.269112,0.145364,0.45987,0.0044922
