Time,Energy,Cost,Load
0.268891,0.145355,0.457712,0.00510843
