Time,Energy,Cost,Load
0.269554,0.145527,0.457586,0.00541655
