Time,Energy,Cost,Load
0.273752,0.13733,0.479091,0.00663714
