Time,Energy,Cost,Load
0.269112,0.145364,0.461967,0.00413211
