Time,Energy,Cost,Load
0.269554,0.145392,0.456782,0.00587687
