Time,Energy,Cost,Load
0.272426,0.137667,0.460325,0.00604132
