Time,Energy,Cost,Load
0.272205,0.137658,0.460181,0.00918561
