Time,Energy,Cost,Load
0.268891,0.145355,0.455366,0.00703138
