Time,Energy,Cost,Load
0.269333,0.145384,0.453879,0.00793717
