Time,Energy,Cost,Load
0.274194,0.137359,0.46924,0.00463252
