Time,Energy,Cost,Load
0.269554,0.145392,0.455223,0.00686062
