Time,Energy,Cost,Load
0.271321,0.146764,0.45455,0.00705366
