Time,Energy,Cost,Load
0.269333,0.145384,0.452608,0.0146823
