Time,Energy,Cost,Load
0.268891,0.145355,0.456273,0.0060365
