Time,Energy,Cost,Load
0.273531,0.138022,0.464122,0.00574759
