Time,Energy,Cost,Load
0.27331,0.139481,0.470261,0.00459355
