Time,Energy,Cost,Load
0.308882,0.203062,0.445313,0.0196493
