Time,Energy,Cost,Load
0.268891,0.179703,0.45706,0.00572467
