Time,Energy,Cost,Load
0.283473,0.174021,0.455307,0.0277487
