Time,Energy,Cost,Load
0.269333,0.179732,0.454993,0.00693486
