Time,Energy,Cost,Load
0.268891,0.179703,0.453291,0.00880955
