Time,Energy,Cost,Load
0.273752,0.172784,0.462375,0.00694897
