Time,Energy,Cost,Load
0.273531,0.172776,0.463497,0.00605803
