Time,Energy,Cost,Load
0.269112,0.179712,0.452378,0.00957057
