Time,Energy,Cost,Load
0.272205,0.172962,0.459741,0.007942
