Time,Energy,Cost,Load
0.268891,0.179703,0.455119,0.00704623
