Time,Energy,Cost,Load
0.269554,0.17974,0.445377,0.0221143
