Time,Energy,Cost,Load
0.269996,0.180015,0.449078,0.0146823
