Time,Energy,Cost,Load
0.268891,0.179703,0.455084,0.0068235
