Time,Energy,Cost,Load
0.268891,0.179703,0.449648,0.0267546
