Time,Energy,Cost,Load
0.269112,0.179712,0.45245,0.00949261
