Time,Energy,Cost,Load
0.268891,0.179703,0.456538,0.00586945
