Time,Energy,Cost,Load
0.272647,0.181189,0.452993,0.00849772
