Time,Energy,Cost,Load
0.269333,0.179732,0.4535,0.00807453
