Time,Energy,Cost,Load
0.269112,0.179712,0.452244,0.00984899
