Time,Energy,Cost,Load
0.272426,0.17297,0.458787,0.00867703
