Time,Energy,Cost,Load
0.273531,0.172776,0.466728,0.00469192
