Time,Energy,Cost,Load
0.273531,0.172776,0.465824,0.00442835
