Time,Energy,Cost,Load
0.268891,0.179703,0.453074,0.00871304
