Time,Energy,Cost,Load
0.271321,0.181112,0.454104,0.00758451
