Time,Energy,Cost,Load
0.273531,0.172776,0.463957,0.00554574
