Time,Energy,Cost,Load
0.268891,0.179703,0.461187,0.0053089
