Time,Energy,Cost,Load
0.269112,0.179712,0.447279,0.0175037
