Time,Energy,Cost,Load
0.273531,0.172776,0.464703,0.00494064
