Time,Energy,Cost,Load
0.273531,0.172776,0.464446,0.00507799
