Time,Energy,Cost,Load
0.273531,0.172776,0.464345,0.00518936
