Time,Energy,Cost,Load
0.270879,0.181083,0.455009,0.00684948
