Time,Energy,Cost,Load
0.272205,0.172962,0.463596,0.00407754
