Time,Energy,Cost,Load
0.272426,0.17297,0.45915,0.00843202
