Time,Energy,Cost,Load
0.269333,0.179732,0.453774,0.00787407
