Time,Energy,Cost,Load
0.272205,0.172962,0.46326,0.00437452
