Time,Energy,Cost,Load
0.268891,0.179703,0.456473,0.00591028
