Time,Energy,Cost,Load
0.268891,0.179703,0.453587,0.00807824
