Time,Energy,Cost,Load
0.268891,0.179703,0.453247,0.00887637
