Time,Energy,Cost,Load
0.275077,0.172885,0.458749,0.0150862
