Time,Energy,Cost,Load
0.273531,0.172776,0.464191,0.00534528
