Time,Energy,Cost,Load
0.268891,0.179703,0.455991,0.00653394
