Time,Energy,Cost,Load
0.268891,0.179703,0.453965,0.00781096
