Time,Energy,Cost,Load
0.268891,0.179703,0.452722,0.00942208
