Time,Energy,Cost,Load
0.273752,0.172784,0.464174,0.00501117
