Time,Energy,Cost,Load
0.268891,0.179703,0.456225,0.00612188
