Time,Energy,Cost,Load
0.268891,0.179703,0.453262,0.00848288
