Time,Energy,Cost,Load
0.268891,0.179703,0.456141,0.00612931
