Time,Energy,Cost,Load
0.268891,0.179703,0.455786,0.0066416
