Time,Energy,Cost,Load
0.269112,0.179712,0.452035,0.00996407
