Time,Energy,Cost,Load
0.278392,0.175833,0.456873,0.0169776
