Time,Energy,Cost,Load
0.272426,0.17297,0.459481,0.00783063
