Time,Energy,Cost,Load
0.272647,0.180708,0.446972,0.0201839
