Time,Energy,Cost,Load
0.268891,0.179703,0.455297,0.00713533
