Time,Energy,Cost,Load
0.268891,0.179703,0.468799,0.00632605
