Time,Energy,Cost,Load
0.268891,0.179703,0.457492,0.00517154
