Time,Energy,Cost,Load
0.268891,0.179703,0.453038,0.00911396
