Time,Energy,Cost,Load
0.268891,0.179703,0.45626,0.00628151
