Time,Energy,Cost,Load
0.273752,0.172784,0.4633,0.00582045
