Time,Energy,Cost,Load
0.268891,0.179703,0.456653,0.00574323
