Time,Energy,Cost,Load
0.269996,0.180015,0.448297,0.015796
