Time,Energy,Cost,Load
0.269554,0.179986,0.449089,0.0148234
