Time,Energy,Cost,Load
0.270879,0.181083,0.452767,0.00877986
