Time,Energy,Cost,Load
0.268891,0.179703,0.457971,0.0049451
