Time,Energy,Cost,Load
0.291206,0.188624,0.446292,0.0211899
