Time,Energy,Cost,Load
0.268891,0.179703,0.453751,0.00796316
