Time,Energy,Cost,Load
0.268891,0.179703,0.455049,0.00709078
