Time,Energy,Cost,Load
0.268891,0.179703,0.453286,0.00882069
