Time,Energy,Cost,Load
0.268891,0.179703,0.459171,0.00418037
