Time,Energy,Cost,Load
0.268891,0.179703,0.456718,0.00567641
