Time,Energy,Cost,Load
0.268891,0.179703,0.453288,0.00846803
