Time,Energy,Cost,Load
0.272205,0.172962,0.460178,0.00732577
