Time,Energy,Cost,Load
0.269554,0.17974,0.450751,0.0112708
