Time,Energy,Cost,Load
0.273531,0.172776,0.464306,0.00531929
