Time,Energy,Cost,Load
0.300265,0.204204,0.445847,0.0188215
