Time,Energy,Cost,Load
0.269333,0.179732,0.454099,0.00759565
