Time,Energy,Cost,Load
0.272426,0.185734,0.473696,0.00147924
