Time,Energy,Cost,Load
0.270879,0.181083,0.452698,0.00880213
