Time,Energy,Cost,Load
0.269333,0.179732,0.453583,0.00798543
