Time,Energy,Cost,Load
0.268891,0.179703,0.456289,0.00606991
