Time,Energy,Cost,Load
0.268891,0.179703,0.454166,0.00767732
