Time,Energy,Cost,Load
0.270658,0.179809,0.453116,0.0084606
