Time,Energy,Cost,Load
0.269554,0.17974,0.451159,0.0107436
