Time,Energy,Cost,Load
0.272205,0.172962,0.465466,0.00367662
