Time,Energy,Cost,Load
0.268891,0.179703,0.456238,0.00602165
