Time,Energy,Cost,Load
0.268891,0.179703,0.455154,0.00677895
