Time,Energy,Cost,Load
0.269333,0.179732,0.453513,0.0080968
