Time,Energy,Cost,Load
0.273752,0.172784,0.463222,0.00590212
