Time,Energy,Cost,Load
0.268891,0.179703,0.457268,0.00535716
