Time,Energy,Cost,Load
0.268891,0.179703,0.464316,0.00679751
