Time,Energy,Cost,Load
0.268891,0.179703,0.456872,0.00581748
