Time,Energy,Cost,Load
0.268891,0.179703,0.455767,0.00666387
