Time,Energy,Cost,Load
0.274856,0.172945,0.460535,0.0160143
