Time,Energy,Cost,Load
0.269112,0.179712,0.452382,0.00955943
