Time,Energy,Cost,Load
0.272205,0.172962,0.465162,0.00383253
