Time,Energy,Cost,Load
0.268891,0.179703,0.456831,0.00560959
