Time,Energy,Cost,Load
0.268891,0.179703,0.453146,0.00907312
