Time,Energy,Cost,Load
0.272205,0.172962,0.463162,0.00447847
