Time,Energy,Cost,Load
0.268891,0.179703,0.456303,0.00623696
