Time,Energy,Cost,Load
0.268891,0.179703,0.457427,0.00520495
