Time,Energy,Cost,Load
0.273752,0.172784,0.463088,0.00605432
