Time,Energy,Cost,Load
0.272205,0.172962,0.462627,0.00481257
