Time,Energy,Cost,Load
0.269333,0.179732,0.45335,0.00826385
