Time,Energy,Cost,Load
0.268891,0.179703,0.455436,0.00699426
