Time,Energy,Cost,Load
0.268891,0.179703,0.454258,0.00755852
