Time,Energy,Cost,Load
0.268891,0.179703,0.45719,0.00570611
