Time,Energy,Cost,Load
0.268891,0.179703,0.453383,0.00828613
