Time,Energy,Cost,Load
0.268891,0.179703,0.45711,0.00539428
