Time,Energy,Cost,Load
0.27331,0.181214,0.449371,0.0143408
