Time,Energy,Cost,Load
0.268891,0.179703,0.461044,0.00364209
