Time,Energy,Cost,Load
0.268891,0.179703,0.456104,0.0064003
