Time,Energy,Cost,Load
0.269333,0.179732,0.45326,0.00837522
