Time,Energy,Cost,Load
0.268891,0.179703,0.456475,0.00590286
