Time,Energy,Cost,Load
0.268891,0.179703,0.452753,0.0092773
