Time,Energy,Cost,Load
0.276845,0.184172,0.449018,0.0150387
