Time,Energy,Cost,Load
0.268891,0.179703,0.452796,0.00935526
