Time,Energy,Cost,Load
0.268891,0.179703,0.453681,0.00798543
