Time,Energy,Cost,Load
0.270879,0.181083,0.45331,0.00830097
