Time,Energy,Cost,Load
0.268891,0.179703,0.454057,0.00761421
