Time,Energy,Cost,Load
0.272205,0.172962,0.463046,0.00502045
