Time,Energy,Cost,Load
0.273531,0.172776,0.46257,0.0115522
