Time,Energy,Cost,Load
0.309324,0.21064,0.44411,0.0224632
