Time,Energy,Cost,Load
0.270879,0.180044,0.445008,0.0251064
