Time,Energy,Cost,Load
0.268891,0.179703,0.452031,0.0104021
