Time,Energy,Cost,Load
0.268891,0.179703,0.453612,0.0080968
