Time,Energy,Cost,Load
0.272205,0.172962,0.460502,0.00694712
