Time,Energy,Cost,Load
0.270879,0.181083,0.454274,0.00744716
