Time,Energy,Cost,Load
0.268891,0.179703,0.456627,0.00575808
