Time,Energy,Cost,Load
0.268891,0.179703,0.454018,0.00774042
