Time,Energy,Cost,Load
0.269112,0.179712,0.45194,0.0100383
