Time,Energy,Cost,Load
0.268891,0.179703,0.453376,0.00833067
