Time,Energy,Cost,Load
0.270658,0.179809,0.453882,0.00773671
