Time,Energy,Cost,Load
0.273752,0.172784,0.463321,0.0058056
