Time,Energy,Cost,Load
0.268891,0.179703,0.45519,0.00692002
