Time,Energy,Cost,Load
0.273752,0.172784,0.463069,0.00605803
