Time,Energy,Cost,Load
0.275961,0.17315,0.458014,0.013141
