Time,Energy,Cost,Load
0.270879,0.181083,0.453386,0.00822302
