Time,Energy,Cost,Load
0.272205,0.172962,0.462822,0.00646823
