Time,Energy,Cost,Load
0.268891,0.179703,0.453872,0.00787407
