Time,Energy,Cost,Load
0.268891,0.179703,0.453824,0.00795945
