Time,Energy,Cost,Load
0.268891,0.179703,0.452153,0.0100383
