Time,Energy,Cost,Load
0.268891,0.179703,0.456588,0.00579149
