Time,Energy,Cost,Load
0.268891,0.179703,0.453412,0.00830469
