Time,Energy,Cost,Load
0.276182,0.179129,0.455139,0.0214806
