Time,Energy,Cost,Load
0.312417,0.19556,0.446233,0.019408
