Time,Energy,Cost,Load
0.269554,0.17974,0.451853,0.0100383
