Time,Energy,Cost,Load
0.268891,0.179703,0.463623,0.00414325
