Time,Energy,Cost,Load
0.268891,0.179703,0.461416,0.00500449
