Time,Energy,Cost,Load
0.268891,0.179703,0.454504,0.00725412
