Time,Energy,Cost,Load
0.269112,0.179712,0.451244,0.0107882
