Time,Energy,Cost,Load
0.272426,0.17297,0.459423,0.00799397
