Time,Energy,Cost,Load
0.268891,0.179703,0.453898,0.00776641
