Time,Energy,Cost,Load
0.268891,0.179703,0.455091,0.00705366
