Time,Energy,Cost,Load
0.268891,0.179703,0.451131,0.0169097
