Time,Energy,Cost,Load
0.268891,0.179703,0.452887,0.00912881
