Time,Energy,Cost,Load
0.268891,0.179703,0.45323,0.00850515
