Time,Energy,Cost,Load
0.268891,0.179703,0.456286,0.00625923
