Time,Energy,Cost,Load
0.273531,0.172776,0.463235,0.00672995
