Time,Energy,Cost,Load
0.268891,0.179703,0.45263,0.00950375
