Time,Energy,Cost,Load
0.269112,0.179712,0.452518,0.00941465
