Time,Energy,Cost,Load
0.268891,0.179703,0.455006,0.006946
