Time,Energy,Cost,Load
0.268891,0.179703,0.453599,0.00807453
