Time,Energy,Cost,Load
0.273752,0.172784,0.463645,0.00557915
