Time,Energy,Cost,Load
0.272205,0.172962,0.468857,0.00189845
