Time,Energy,Cost,Load
0.268891,0.179703,0.454326,0.00740632
