Time,Energy,Cost,Load
0.273752,0.172784,0.462985,0.0061991
