Time,Energy,Cost,Load
0.272205,0.172962,0.463251,0.00492022
