Time,Energy,Cost,Load
0.268891,0.179703,0.455948,0.00657849
