Time,Energy,Cost,Load
0.272205,0.172962,0.46293,0.00456756
