Time,Energy,Cost,Load
0.268891,0.179703,0.455042,0.0068532
