Time,Energy,Cost,Load
0.268891,0.179703,0.451892,0.0106917
