Time,Energy,Cost,Load
0.268891,0.179703,0.453305,0.00847545
