Time,Energy,Cost,Load
0.268891,0.179703,0.452181,0.00992694
