Time,Energy,Cost,Load
0.272426,0.17297,0.459267,0.00832065
