Time,Energy,Cost,Load
0.272205,0.172962,0.463266,0.00427058
