Time,Energy,Cost,Load
0.27574,0.173032,0.457102,0.0185832
