Time,Energy,Cost,Load
0.268891,0.179703,0.457919,0.00557247
