Time,Energy,Cost,Load
0.268891,0.179703,0.455112,0.00680865
