Time,Energy,Cost,Load
0.268891,0.179703,0.456037,0.00651538
