Time,Energy,Cost,Load
0.268891,0.179703,0.456073,0.00647826
