Time,Energy,Cost,Load
0.268891,0.179703,0.459735,0.00382399
