Time,Energy,Cost,Load
0.268891,0.179703,0.454371,0.00731351
