Time,Energy,Cost,Load
0.272205,0.172962,0.464835,0.00379541
