Time,Energy,Cost,Load
0.273752,0.172784,0.463755,0.00545664
