Time,Energy,Cost,Load
0.274194,0.174341,0.46256,0.00665385
