Time,Energy,Cost,Load
0.272205,0.172962,0.465171,0.00349843
