Time,Energy,Cost,Load
0.268891,0.179703,0.452297,0.00977474
