Time,Energy,Cost,Load
0.268891,0.179703,0.455201,0.00678637
