Time,Energy,Cost,Load
0.268891,0.179703,0.455943,0.00658962
