Time,Energy,Cost,Load
0.272205,0.172962,0.460768,0.00711788
