Time,Energy,Cost,Load
0.272647,0.181189,0.452679,0.00886524
