Time,Energy,Cost,Load
0.268891,0.179703,0.453513,0.00821559
