Time,Energy,Cost,Load
0.268891,0.179703,0.455515,0.0064597
