Time,Energy,Cost,Load
0.268891,0.179703,0.454186,0.00757337
