Time,Energy,Cost,Load
0.268891,0.179703,0.45331,0.00878728
