Time,Energy,Cost,Load
0.268891,0.179703,0.454122,0.0076105
