Time,Energy,Cost,Load
0.272205,0.172962,0.462679,0.00647937
