Time,Energy,Cost,Load
0.268891,0.179703,0.453325,0.00840121
