Time,Energy,Cost,Load
0.268891,0.179703,0.458629,0.0044922
