Time,Energy,Cost,Load
0.273531,0.172776,0.467054,0.00436153
