Time,Energy,Cost,Load
0.272205,0.172962,0.464037,0.00385481
