Time,Energy,Cost,Load
0.268891,0.179703,0.453544,0.00819332
