Time,Energy,Cost,Load
0.269112,0.17974,0.456989,0.00558732
