Time,Energy,Cost,Load
0.272647,0.181189,0.45261,0.00888751
