Time,Energy,Cost,Load
0.268891,0.179703,0.458441,0.00462584
