Time,Energy,Cost,Load
0.268891,0.179703,0.455671,0.00625923
