Time,Energy,Cost,Load
0.269554,0.17974,0.451416,0.0105283
