Time,Energy,Cost,Load
0.273531,0.172776,0.46748,0.00409796
