Time,Energy,Cost,Load
0.268891,0.179703,0.454232,0.00754367
