Time,Energy,Cost,Load
0.272426,0.17297,0.458937,0.00861763
