Time,Energy,Cost,Load
0.272205,0.172962,0.461375,0.00668726
