Time,Energy,Cost,Load
0.275519,0.173982,0.45837,0.0131354
