Time,Energy,Cost,Load
0.268891,0.179703,0.454277,0.00752883
