Time,Energy,Cost,Load
0.272205,0.172962,0.462725,0.00476802
