Time,Energy,Cost,Load
0.268891,0.179703,0.456386,0.00602165
