Time,Energy,Cost,Load
0.268891,0.179703,0.459547,0.00391309
