Time,Energy,Cost,Load
0.272205,0.172962,0.463497,0.00418148
