Time,Energy,Cost,Load
0.298939,0.195223,0.44648,0.020221
