Time,Energy,Cost,Load
0.272205,0.172962,0.463364,0.00422603
