Time,Energy,Cost,Load
0.268891,0.179703,0.458084,0.00490055
