Time,Energy,Cost,Load
0.268891,0.179703,0.458188,0.00484858
