Time,Energy,Cost,Load
0.268891,0.179703,0.455395,0.00650424
