Time,Energy,Cost,Load
0.268891,0.179703,0.454527,0.00711305
