Time,Energy,Cost,Load
0.270879,0.181083,0.454506,0.00722813
