Time,Energy,Cost,Load
0.273531,0.172776,0.465907,0.00549377
