Time,Energy,Cost,Load
0.268891,0.179703,0.457818,0.00507131
