Time,Energy,Cost,Load
0.268891,0.179703,0.45478,0.00707593
