Time,Energy,Cost,Load
0.273531,0.172776,0.467198,0.00426501
