Time,Energy,Cost,Load
0.268891,0.179703,0.456513,0.00589915
