Time,Energy,Cost,Load
0.268891,0.179703,0.458477,0.00453304
