Time,Energy,Cost,Load
0.272205,0.172962,0.463029,0.00452301
