Time,Energy,Cost,Load
0.276624,0.181963,0.439437,0.0337374
