Time,Energy,Cost,Load
0.268891,0.179703,0.456742,0.00592884
