Time,Energy,Cost,Load
0.268891,0.179703,0.454979,0.00698684
