Time,Energy,Cost,Load
0.269112,0.179712,0.450492,0.0120578
