Time,Energy,Cost,Load
0.268891,0.179703,0.459511,0.00394279
