Time,Energy,Cost,Load
0.269112,0.179712,0.452701,0.0094592
