Time,Energy,Cost,Load
0.268891,0.179703,0.458983,0.00435856
