Time,Energy,Cost,Load
0.21531,0.241084,0.273233,0.203277
