Time,Energy,Cost,Load
0.215193,0.240924,0.274708,0.202298
