Time,Energy,Cost,Load
0.215898,0.223348,0.273591,0.203147
