Time,Energy,Cost,Load
0.216722,0.242091,0.276726,0.201762
