Time,Energy,Cost,Load
0.216369,0.241256,0.274514,0.202546
