Time,Energy,Cost,Load
0.215781,0.241291,0.274014,0.202721
