Time,Energy,Cost,Load
0.216722,0.224331,0.276897,0.201689
