Time,Energy,Cost,Load
0.216957,0.243965,0.275907,0.201851
