Time,Energy,Cost,Load
0.214958,0.223079,0.276186,0.201774
