Time,Energy,Cost,Load
0.216957,0.241713,0.27328,0.203191
