Time,Energy,Cost,Load
0.216722,0.241364,0.272822,0.204377
