Time,Energy,Cost,Load
0.218015,0.241626,0.273619,0.203023
