Time,Energy,Cost,Load
0.218133,0.242486,0.272528,0.204013
