Time,Energy,Cost,Load
0.21778,0.242371,0.271507,0.205112
