Time,Energy,Cost,Load
0.218838,0.225103,0.271177,0.20689
