Time,Energy,Cost,Load
0.218603,0.224449,0.273016,0.20339
