Time,Energy,Cost,Load
0.21778,0.242371,0.271647,0.204914
