Time,Energy,Cost,Load
0.217545,0.243137,0.271609,0.205702
