Time,Energy,Cost,Load
0.218956,0.242868,0.271078,0.206588
