Time,Energy,Cost,Load
0.218721,0.243491,0.272742,0.20347
