Time,Energy,Cost,Load
0.21731,0.243148,0.272835,0.203602
