Time,Energy,Cost,Load
0.220484,0.243289,0.271305,0.20539
