Time,Energy,Cost,Load
0.220014,0.243803,0.272623,0.203877
