Time,Energy,Cost,Load
0.219544,0.225282,0.270926,0.207504
