Time,Energy,Cost,Load
0.219073,0.243318,0.271797,0.204833
