Time,Energy,Cost,Load
0.220955,0.224948,0.273832,0.202919
