Time,Energy,Cost,Load
0.219897,0.226106,0.272987,0.203307
