Time,Energy,Cost,Load
0.220249,0.242177,0.272051,0.204244
