Time,Energy,Cost,Load
0.214958,0.223079,0.275093,0.202196
