Time,Energy,Cost,Load
0.22072,0.226961,0.272192,0.204136
