Time,Energy,Cost,Load
0.220602,0.227386,0.270758,0.206708
