Time,Energy,Cost,Load
0.222954,0.225961,0.287647,0.20161
