Time,Energy,Cost,Load
0.222954,0.243761,0.271226,0.205613
