Time,Energy,Cost,Load
0.222601,0.24292,0.289226,0.201295
