Time,Energy,Cost,Load
0.222836,0.227144,0.270563,0.206743
