Time,Energy,Cost,Load
0.222013,0.244572,0.270509,0.207005
