Time,Energy,Cost,Load
0.222836,0.225489,0.287323,0.201642
