Time,Energy,Cost,Load
0.221308,0.243621,0.270803,0.206155
