Time,Energy,Cost,Load
0.22166,0.245846,0.271246,0.205535
