Time,Energy,Cost,Load
0.221308,0.243621,0.271022,0.205851
