Time,Energy,Cost,Load
0.221778,0.226427,0.270638,0.206998
