Time,Energy,Cost,Load
0.223659,0.244891,0.273482,0.203094
