Time,Energy,Cost,Load
0.223542,0.243791,0.288994,0.201498
