Time,Energy,Cost,Load
0.223895,0.244156,0.270544,0.207104
