Time,Energy,Cost,Load
0.223424,0.226173,0.270791,0.206342
