Time,Energy,Cost,Load
0.223189,0.244689,0.272586,0.203637
