Time,Energy,Cost,Load
0.224365,0.244172,0.288695,0.201508
