Time,Energy,Cost,Load
0.223307,0.226135,0.270666,0.206509
