Time,Energy,Cost,Load
0.223189,0.244291,0.272125,0.204129
