Time,Energy,Cost,Load
0.224247,0.225586,0.272645,0.204004
