Time,Energy,Cost,Load
0.214958,0.223079,0.277305,0.201658
