Time,Energy,Cost,Load
0.223424,0.226928,0.272643,0.203779
