Time,Energy,Cost,Load
0.225188,0.229618,0.288127,0.201442
