Time,Energy,Cost,Load
0.224835,0.227591,0.272673,0.203526
