Time,Energy,Cost,Load
0.226599,0.228089,0.272025,0.204231
