Time,Energy,Cost,Load
0.2246,0.246047,0.287844,0.20151
