Time,Energy,Cost,Load
0.226246,0.246615,0.287468,0.201627
