Time,Energy,Cost,Load
0.225306,0.227506,0.272331,0.203946
