Time,Energy,Cost,Load
0.227187,0.225155,0.273439,0.203036
