Time,Energy,Cost,Load
0.225894,0.227683,0.27184,0.204596
