Time,Energy,Cost,Load
0.22801,0.245117,0.272009,0.204517
