Time,Energy,Cost,Load
0.228951,0.246125,0.271694,0.204678
