Time,Energy,Cost,Load
0.214958,0.240839,0.274212,0.202792
