Time,Energy,Cost,Load
0.229069,0.229455,0.270507,0.207212
