Time,Energy,Cost,Load
0.228716,0.229911,0.270905,0.206137
