Time,Energy,Cost,Load
0.229774,0.228681,0.271667,0.204768
