Time,Energy,Cost,Load
0.227187,0.228128,0.272012,0.20432
