Time,Energy,Cost,Load
0.230833,0.248444,0.270297,0.207687
