Time,Energy,Cost,Load
0.228128,0.228207,0.27171,0.204692
