Time,Energy,Cost,Load
0.227305,0.243,0.274254,0.202639
