Time,Energy,Cost,Load
0.237418,0.247064,0.271759,0.204614
