Time,Energy,Cost,Load
0.235066,0.22806,0.272033,0.204286
