Time,Energy,Cost,Load
0.232244,0.245518,0.271387,0.20508
