Time,Energy,Cost,Load
0.234595,0.245655,0.271761,0.204662
