Time,Energy,Cost,Load
0.237888,0.23001,0.271338,0.205218
