Time,Energy,Cost,Load
0.2373,0.247593,0.271338,0.205218
