Time,Energy,Cost,Load
0.238006,0.229481,0.271712,0.204684
