Time,Energy,Cost,Load
0.237888,0.246125,0.271949,0.204499
