Time,Energy,Cost,Load
0.231538,0.230818,0.270367,0.207697
