Time,Energy,Cost,Load
0.235654,0.22948,0.27137,0.205257
