Time,Energy,Cost,Load
0.24318,0.230757,0.271022,0.205928
