Time,Energy,Cost,Load
0.24412,0.24928,0.270431,0.20736
