Time,Energy,Cost,Load
0.24318,0.230757,0.271005,0.206045
