Time,Energy,Cost,Load
0.24412,0.23152,0.270355,0.207462
