Time,Energy,Cost,Load
0.215075,0.22312,0.275034,0.202383
