Time,Energy,Cost,Load
0.238946,0.229007,0.271657,0.205038
