Time,Energy,Cost,Load
0.240593,0.247794,0.271318,0.20526
