Time,Energy,Cost,Load
0.214958,0.240839,0.273782,0.202702
