Time,Energy,Cost,Load
0.214958,0.240839,0.276056,0.201777
