Time,Energy,Cost,Load
0.214958,0.240839,0.274677,0.20229
