Time,Energy,Cost,Load
0.214958,0.240839,0.2729,0.203312
