Time,Energy,Cost,Load
0.214958,0.240839,0.27325,0.203047
