Time,Energy,Cost,Load
0.214958,0.240839,0.273124,0.203135
