Time,Energy,Cost,Load
0.214958,0.240839,0.272659,0.203518
