Time,Energy,Cost,Load
0.214958,0.240839,0.273331,0.202984
