Time,Energy,Cost,Load
0.214958,0.240839,0.273871,0.202644
