Time,Energy,Cost,Load
0.214958,0.240839,0.273634,0.202793
