Time,Energy,Cost,Load
0.214958,0.240839,0.272695,0.203499
