Time,Energy,Cost,Load
0.214958,0.240839,0.27258,0.203596
