Time,Energy,Cost,Load
0.214958,0.240839,0.275654,0.202006
