Time,Energy,Cost,Load
0.214958,0.240839,0.272799,0.203409
