Time,Energy,Cost,Load
0.214958,0.240839,0.274548,0.202362
