Time,Energy,Cost,Load
0.214958,0.240839,0.273483,0.202878
