Time,Energy,Cost,Load
0.214958,0.240839,0.273401,0.202948
