Time,Energy,Cost,Load
0.214958,0.240839,0.27272,0.203486
