Time,Energy,Cost,Load
0.214958,0.240839,0.275447,0.201958
