Time,Energy,Cost,Load
0.214958,0.240839,0.273906,0.202623
