Time,Energy,Cost,Load
0.214958,0.240839,0.27265,0.203523
