Time,Energy,Cost,Load
0.214958,0.240839,0.272443,0.203719
