Time,Energy,Cost,Load
0.214958,0.240839,0.273696,0.20276
