Time,Energy,Cost,Load
0.214958,0.240839,0.273467,0.202897
