Time,Energy,Cost,Load
0.214958,0.240839,0.272969,0.203245
