Time,Energy,Cost,Load
0.214958,0.240839,0.274037,0.202541
