Time,Energy,Cost,Load
0.214958,0.240839,0.273791,0.202701
