Time,Energy,Cost,Load
0.214958,0.240839,0.27402,0.20259
