Time,Energy,Cost,Load
0.214958,0.240839,0.273201,0.203074
