Time,Energy,Cost,Load
0.214958,0.240839,0.275794,0.201964
