Time,Energy,Cost,Load
0.214958,0.240839,0.27238,0.203796
