Time,Energy,Cost,Load
0.214958,0.240839,0.272797,0.203391
