Time,Energy,Cost,Load
0.214958,0.240839,0.272964,0.203251
