Time,Energy,Cost,Load
0.214958,0.240839,0.272852,0.203337
