Time,Energy,Cost,Load
0.214958,0.240839,0.272711,0.203488
