Time,Energy,Cost,Load
0.214958,0.240839,0.272553,0.203607
