Time,Energy,Cost,Load
0.214958,0.240839,0.273461,0.202905
