Time,Energy,Cost,Load
0.214958,0.240839,0.272536,0.203624
