Time,Energy,Cost,Load
0.214958,0.240839,0.272803,0.203405
