Time,Energy,Cost,Load
0.214958,0.240839,0.27421,0.202462
