Time,Energy,Cost,Load
0.214958,0.240839,0.275329,0.201971
