Time,Energy,Cost,Load
0.214958,0.240839,0.272767,0.203419
