Time,Energy,Cost,Load
0.214958,0.240839,0.273868,0.202684
