Time,Energy,Cost,Load
0.215546,0.241801,0.276835,0.201716
