Time,Energy,Cost,Load
0.214958,0.240839,0.272548,0.203613
