Time,Energy,Cost,Load
0.214958,0.240839,0.273624,0.202829
