Time,Energy,Cost,Load
0.214958,0.240839,0.275947,0.201803
