Time,Energy,Cost,Load
0.214958,0.240839,0.272532,0.203626
