Time,Energy,Cost,Load
0.214958,0.240839,0.27276,0.203421
