Time,Energy,Cost,Load
0.255818,0.251222,0.323781,0.40749
