Time,Energy,Cost,Load
0.256406,0.266387,0.331552,0.40536
