Time,Energy,Cost,Load
0.25649,0.260674,0.327109,0.405891
