Time,Energy,Cost,Load
0.255734,0.251262,0.321693,0.409672
