Time,Energy,Cost,Load
0.271444,0.24849,0.317562,0.412443
