Time,Energy,Cost,Load
0.256742,0.260714,0.320784,0.408609
