Time,Energy,Cost,Load
0.256238,0.260688,0.328424,0.40571
