Time,Energy,Cost,Load
0.256658,0.260892,0.320999,0.40889
