Time,Energy,Cost,Load
0.256154,0.245531,0.325746,0.406284
