Time,Energy,Cost,Load
0.25607,0.260594,0.326667,0.406255
