Time,Energy,Cost,Load
0.25607,0.260659,0.322036,0.408508
