Time,Energy,Cost,Load
0.257582,0.260955,0.32015,0.410276
