Time,Energy,Cost,Load
0.25817,0.261362,0.321962,0.408266
