Time,Energy,Cost,Load
0.257498,0.25147,0.330802,0.40549
