Time,Energy,Cost,Load
0.256994,0.260787,0.32735,0.40555
