Time,Energy,Cost,Load
0.257918,0.267091,0.328958,0.405436
