Time,Energy,Cost,Load
0.257666,0.26125,0.319618,0.410692
