Time,Energy,Cost,Load
0.25775,0.267044,0.323583,0.406925
