Time,Energy,Cost,Load
0.257834,0.2519,0.331511,0.405
