Time,Energy,Cost,Load
0.25817,0.260911,0.322289,0.407969
