Time,Energy,Cost,Load
0.257246,0.260837,0.328278,0.40553
