Time,Energy,Cost,Load
0.258674,0.261599,0.326897,0.405817
