Time,Energy,Cost,Load
0.259178,0.261693,0.319714,0.410102
