Time,Energy,Cost,Load
0.25901,0.261469,0.329638,0.405166
