Time,Energy,Cost,Load
0.25859,0.2615,0.319298,0.410651
