Time,Energy,Cost,Load
0.25901,0.261123,0.322914,0.407618
