Time,Energy,Cost,Load
0.258506,0.246332,0.321998,0.408077
