Time,Energy,Cost,Load
0.25943,0.24657,0.326717,0.405825
