Time,Energy,Cost,Load
0.258926,0.252173,0.323159,0.407128
