Time,Energy,Cost,Load
0.25859,0.267356,0.319157,0.411694
