Time,Energy,Cost,Load
0.260102,0.276706,0.336399,0.404944
