Time,Energy,Cost,Load
0.260355,0.261906,0.336707,0.404678
