Time,Energy,Cost,Load
0.260943,0.261865,0.325182,0.406589
