Time,Energy,Cost,Load
0.255398,0.251162,0.323994,0.407723
