Time,Energy,Cost,Load
0.260439,0.261763,0.339641,0.404629
