Time,Energy,Cost,Load
0.260355,0.261906,0.338042,0.404495
