Time,Energy,Cost,Load
0.260018,0.276695,0.33828,0.404623
