Time,Energy,Cost,Load
0.25985,0.261754,0.338682,0.404764
