Time,Energy,Cost,Load
0.260775,0.276946,0.337335,0.404673
