Time,Energy,Cost,Load
0.259598,0.246263,0.321889,0.407878
