Time,Energy,Cost,Load
0.260355,0.276863,0.336035,0.404791
