Time,Energy,Cost,Load
0.261615,0.261851,0.319034,0.410387
