Time,Energy,Cost,Load
0.261615,0.267985,0.319758,0.409785
