Time,Energy,Cost,Load
0.262455,0.262068,0.32443,0.406613
