Time,Energy,Cost,Load
0.255398,0.266183,0.32555,0.40666
