Time,Energy,Cost,Load
0.262623,0.262833,0.31716,0.413259
