Time,Energy,Cost,Load
0.262287,0.262341,0.31757,0.41264
