Time,Energy,Cost,Load
0.261279,0.276954,0.335175,0.404944
