Time,Energy,Cost,Load
0.261279,0.247064,0.320218,0.409254
