Time,Energy,Cost,Load
0.261363,0.246876,0.325355,0.406481
