Time,Energy,Cost,Load
0.262119,0.247162,0.320036,0.409537
