Time,Energy,Cost,Load
0.261279,0.261985,0.334847,0.40496
