Time,Energy,Cost,Load
0.264303,0.247962,0.317874,0.411899
