Time,Energy,Cost,Load
0.263547,0.247838,0.31812,0.411368
