Time,Energy,Cost,Load
0.263463,0.262792,0.318553,0.411471
