Time,Energy,Cost,Load
0.264219,0.247835,0.319691,0.409707
