Time,Energy,Cost,Load
0.264051,0.248148,0.318052,0.412021
