Time,Energy,Cost,Load
0.255482,0.245501,0.325896,0.406719
