Time,Energy,Cost,Load
0.262875,0.26253,0.317912,0.412148
