Time,Energy,Cost,Load
0.263799,0.268792,0.319465,0.409895
