Time,Energy,Cost,Load
0.263883,0.26847,0.318303,0.411123
