Time,Energy,Cost,Load
0.262875,0.262833,0.31838,0.411147
