Time,Energy,Cost,Load
0.262707,0.262661,0.320173,0.409136
