Time,Energy,Cost,Load
0.265227,0.352157,0.340353,0.404418
