Time,Energy,Cost,Load
0.265311,0.248545,0.317497,0.412349
