Time,Energy,Cost,Load
0.264723,0.263035,0.319969,0.40935
