Time,Energy,Cost,Load
0.265311,0.263619,0.317073,0.412818
