Time,Energy,Cost,Load
0.265395,0.366982,0.340445,0.404364
