Time,Energy,Cost,Load
0.264891,0.263262,0.317997,0.411746
