Time,Energy,Cost,Load
0.265143,0.366958,0.340886,0.404317
