Time,Energy,Cost,Load
0.265059,0.248292,0.317281,0.412977
