Time,Energy,Cost,Load
0.265395,0.352159,0.340536,0.404235
