Time,Energy,Cost,Load
0.264555,0.263316,0.318702,0.41085
