Time,Energy,Cost,Load
0.255482,0.245503,0.328078,0.406248
