Time,Energy,Cost,Load
0.267328,0.376965,0.346133,0.404029
