Time,Energy,Cost,Load
0.267496,0.376978,0.34719,0.403807
