Time,Energy,Cost,Load
0.265899,0.248498,0.316565,0.413664
