Time,Energy,Cost,Load
0.267412,0.36242,0.346517,0.404068
