Time,Energy,Cost,Load
0.265647,0.248234,0.317113,0.413141
