Time,Energy,Cost,Load
0.266992,0.264785,0.322441,0.407851
