Time,Energy,Cost,Load
0.267244,0.247312,0.318359,0.411505
