Time,Energy,Cost,Load
0.255482,0.266191,0.328234,0.406112
