Time,Energy,Cost,Load
0.267328,0.362407,0.346809,0.403898
