Time,Energy,Cost,Load
0.266067,0.248326,0.318656,0.410996
