Time,Energy,Cost,Load
0.269596,0.262953,0.318066,0.411834
