Time,Energy,Cost,Load
0.268084,0.377874,0.348006,0.403768
