Time,Energy,Cost,Load
0.267664,0.247107,0.318857,0.411307
