Time,Energy,Cost,Load
0.267832,0.362411,0.348026,0.403692
