Time,Energy,Cost,Load
0.267916,0.377037,0.345767,0.404181
