Time,Energy,Cost,Load
0.271024,0.248292,0.3181,0.411715
