Time,Energy,Cost,Load
0.268252,0.377103,0.3477,0.403645
