Time,Energy,Cost,Load
0.267916,0.362443,0.346003,0.404024
