Time,Energy,Cost,Load
0.268672,0.378461,0.347469,0.403752
