Time,Energy,Cost,Load
0.26842,0.37892,0.347275,0.403724
