Time,Energy,Cost,Load
0.255566,0.260536,0.330319,0.405397
