Time,Energy,Cost,Load
0.25565,0.26059,0.323233,0.407366
