Time,Energy,Cost,Load
0.255482,0.260509,0.324952,0.406587
