Time,Energy,Cost,Load
0.255314,0.2605,0.322136,0.408262
