Time,Energy,Cost,Load
0.255566,0.260524,0.323157,0.407395
