Time,Energy,Cost,Load
0.255566,0.260524,0.322824,0.407577
