Time,Energy,Cost,Load
0.255566,0.260524,0.322274,0.4079
