Time,Energy,Cost,Load
0.255482,0.260512,0.32131,0.408654
