Time,Energy,Cost,Load
0.255482,0.260519,0.32464,0.406662
