Time,Energy,Cost,Load
0.255398,0.2605,0.323428,0.407503
