Time,Energy,Cost,Load
0.255482,0.260519,0.325114,0.406542
