Time,Energy,Cost,Load
0.25565,0.260583,0.3226,0.407698
