Time,Energy,Cost,Load
0.255482,0.260519,0.321827,0.408238
