Time,Energy,Cost,Load
0.255314,0.260496,0.323048,0.407628
