Time,Energy,Cost,Load
0.255482,0.260519,0.324445,0.406748
