Time,Energy,Cost,Load
0.255314,0.260496,0.326213,0.406364
