Time,Energy,Cost,Load
0.255482,0.260512,0.32148,0.408493
