Time,Energy,Cost,Load
0.255314,0.2605,0.321583,0.408648
