Time,Energy,Cost,Load
0.255482,0.260519,0.326642,0.405979
