Time,Energy,Cost,Load
0.25523,0.260488,0.323971,0.407309
