Time,Energy,Cost,Load
0.255482,0.260509,0.324817,0.40674
