Time,Energy,Cost,Load
0.255398,0.2605,0.327032,0.406022
