Time,Energy,Cost,Load
0.255482,0.260509,0.326008,0.406267
