Time,Energy,Cost,Load
0.255482,0.260512,0.32095,0.408943
