Time,Energy,Cost,Load
0.255398,0.260496,0.32676,0.406165
