Time,Energy,Cost,Load
0.255398,0.2605,0.32348,0.407331
