Time,Energy,Cost,Load
0.255482,0.260512,0.321673,0.408348
