Time,Energy,Cost,Load
0.25565,0.260725,0.323911,0.407031
