Time,Energy,Cost,Load
0.255482,0.260512,0.323368,0.407325
