Time,Energy,Cost,Load
0.255482,0.260512,0.321241,0.408659
