Time,Energy,Cost,Load
0.25523,0.260488,0.323995,0.407241
