Time,Energy,Cost,Load
0.255482,0.260529,0.326375,0.406105
