Time,Energy,Cost,Load
0.255566,0.260524,0.323238,0.407354
