Time,Energy,Cost,Load
0.255482,0.260509,0.327256,0.405884
