Time,Energy,Cost,Load
0.255482,0.260512,0.320832,0.409111
