Time,Energy,Cost,Load
0.255482,0.260519,0.324231,0.406921
