Time,Energy,Cost,Load
0.255482,0.260509,0.324761,0.406751
