Time,Energy,Cost,Load
0.255482,0.260512,0.321049,0.408926
