Time,Energy,Cost,Load
0.255398,0.2605,0.320909,0.40912
