Time,Energy,Cost,Load
0.255314,0.260506,0.323938,0.407255
