Time,Energy,Cost,Load
0.255566,0.260524,0.323314,0.407338
