Time,Energy,Cost,Load
0.255482,0.260512,0.320864,0.409023
