Time,Energy,Cost,Load
0.255398,0.2605,0.321448,0.408605
