Time,Energy,Cost,Load
0.255482,0.260512,0.320929,0.408965
