Time,Energy,Cost,Load
0.255566,0.260524,0.323295,0.407308
