Time,Energy,Cost,Load
0.255398,0.2605,0.3239,0.407224
