Time,Energy,Cost,Load
0.25565,0.260583,0.322682,0.407655
