Time,Energy,Cost,Load
0.25523,0.260488,0.327262,0.406093
