Time,Energy,Cost,Load
0.255566,0.260524,0.322813,0.407609
