Time,Energy,Cost,Load
0.255314,0.260496,0.322538,0.407964
