Time,Energy,Cost,Load
0.255398,0.2605,0.320819,0.409251
