Time,Energy,Cost,Load
0.255314,0.26052,0.322727,0.407824
