Time,Energy,Cost,Load
0.255398,0.2605,0.327332,0.405824
