Time,Energy,Cost,Load
0.255482,0.260512,0.322214,0.407969
