Time,Energy,Cost,Load
0.255482,0.260512,0.324305,0.406903
