Time,Energy,Cost,Load
0.255314,0.260496,0.32527,0.406741
