Time,Energy,Cost,Load
0.25565,0.260583,0.322498,0.407759
