Time,Energy,Cost,Load
0.255314,0.2605,0.32523,0.406712
