Time,Energy,Cost,Load
0.255482,0.260519,0.324244,0.406889
