Time,Energy,Cost,Load
0.255566,0.260524,0.322261,0.407905
