Time,Energy,Cost,Load
0.255398,0.2605,0.32375,0.407226
