Time,Energy,Cost,Load
0.255482,0.260603,0.32371,0.407154
