Time,Energy,Cost,Load
0.255314,0.2605,0.323137,0.407618
