Time,Energy,Cost,Load
0.25565,0.260583,0.322607,0.407682
