Time,Energy,Cost,Load
0.255314,0.260506,0.325153,0.40669
