Time,Energy,Cost,Load
0.255482,0.260512,0.323582,0.407188
