Time,Energy,Cost,Load
0.255314,0.260516,0.325115,0.406786
