Time,Energy,Cost,Load
0.255482,0.260529,0.325981,0.406276
