Time,Energy,Cost,Load
0.25523,0.260488,0.323713,0.40739
