Time,Energy,Cost,Load
0.255566,0.260524,0.322889,0.407565
