Time,Energy,Cost,Load
0.255398,0.2605,0.325115,0.406507
