Time,Energy,Cost,Load
0.25523,0.260488,0.325015,0.406842
