Time,Energy,Cost,Load
0.255482,0.260519,0.324809,0.406632
