Time,Energy,Cost,Load
0.255482,0.260529,0.325997,0.406246
