Time,Energy,Cost,Load
0.25523,0.260488,0.324629,0.406875
