Time,Energy,Cost,Load
0.255482,0.260519,0.326944,0.405885
