Time,Energy,Cost,Load
0.255314,0.260496,0.326741,0.406135
