Time,Energy,Cost,Load
0.255482,0.260509,0.32574,0.406359
