Time,Energy,Cost,Load
0.255314,0.2605,0.323844,0.407292
