Time,Energy,Cost,Load
0.25523,0.260488,0.324546,0.407036
