Time,Energy,Cost,Load
0.255482,0.260603,0.32405,0.407006
