Time,Energy,Cost,Load
0.25565,0.260583,0.322496,0.407777
