Time,Energy,Cost,Load
0.255482,0.260512,0.320919,0.408979
