Time,Energy,Cost,Load
0.255566,0.260524,0.32228,0.407886
