Time,Energy,Cost,Load
0.255482,0.260519,0.326809,0.405938
