Time,Energy,Cost,Load
0.255314,0.260496,0.322552,0.407959
