Time,Energy,Cost,Load
0.255314,0.260506,0.32694,0.406065
