Time,Energy,Cost,Load
0.25565,0.260536,0.323713,0.407127
