Time,Energy,Cost,Load
0.255398,0.2605,0.328034,0.405684
