Time,Energy,Cost,Load
0.255398,0.2605,0.320763,0.409442
