Time,Energy,Cost,Load
0.255398,0.2605,0.3252,0.406639
