Time,Energy,Cost,Load
0.255314,0.260496,0.325202,0.406751
