Time,Energy,Cost,Load
0.255314,0.2605,0.320901,0.409719
