Time,Energy,Cost,Load
0.25523,0.260488,0.325006,0.406852
