Time,Energy,Cost,Load
0.25523,0.260488,0.3248,0.406939
