Time,Energy,Cost,Load
0.255482,0.260509,0.325487,0.406408
