Time,Energy,Cost,Load
0.255398,0.2605,0.320825,0.409211
