Time,Energy,Cost,Load
0.255482,0.260519,0.323918,0.407102
