Time,Energy,Cost,Load
0.255398,0.2605,0.323712,0.407151
