Time,Energy,Cost,Load
0.255314,0.2605,0.324149,0.407144
