Time,Energy,Cost,Load
0.25523,0.260488,0.325951,0.406529
