Time,Energy,Cost,Load
0.255482,0.260512,0.327206,0.405918
