Time,Energy,Cost,Load
0.255482,0.260519,0.325333,0.406403
