Time,Energy,Cost,Load
0.255314,0.2605,0.323041,0.407664
