Time,Energy,Cost,Load
0.25523,0.260488,0.326333,0.40635
