Time,Energy,Cost,Load
0.255482,0.260519,0.327081,0.405872
