Time,Energy,Cost,Load
0.255566,0.260524,0.321141,0.40881
