Time,Energy,Cost,Load
0.255566,0.260524,0.322913,0.40755
