Time,Energy,Cost,Load
0.255482,0.260603,0.323781,0.407125
