Time,Energy,Cost,Load
0.25523,0.260488,0.32743,0.406079
