Time,Energy,Cost,Load
0.255482,0.260512,0.324225,0.406975
