Time,Energy,Cost,Load
0.25523,0.260488,0.326942,0.406212
