Time,Energy,Cost,Load
0.255398,0.2605,0.32823,0.405643
