Time,Energy,Cost,Load
0.25565,0.26059,0.32341,0.4073
