Time,Energy,Cost,Load
0.255482,0.260512,0.321014,0.408874
