Time,Energy,Cost,Load
0.255482,0.260519,0.325327,0.406414
