Time,Energy,Cost,Load
0.255482,0.260519,0.3266,0.406019
