Time,Energy,Cost,Load
0.255482,0.260519,0.326594,0.406032
