Time,Energy,Cost,Load
0.25565,0.260725,0.324078,0.406991
