Time,Energy,Cost,Load
0.255566,0.260585,0.325273,0.406437
