Time,Energy,Cost,Load
0.255566,0.260524,0.323678,0.407177
