Time,Energy,Cost,Load
0.255314,0.260506,0.328181,0.405759
