Time,Energy,Cost,Load
0.25565,0.260725,0.323849,0.407077
