Time,Energy,Cost,Load
0.255566,0.260585,0.324094,0.406991
