Time,Energy,Cost,Load
0.255314,0.2605,0.326395,0.406291
