Time,Energy,Cost,Load
0.255566,0.260524,0.321817,0.408209
