Time,Energy,Cost,Load
0.255566,0.260527,0.328188,0.405627
