Time,Energy,Cost,Load
0.25565,0.260593,0.326009,0.406241
