Time,Energy,Cost,Load
0.255482,0.260509,0.326608,0.406043
