Time,Energy,Cost,Load
0.255482,0.260519,0.32601,0.406241
