Time,Energy,Cost,Load
0.255482,0.260509,0.321789,0.408299
