Time,Energy,Cost,Load
0.255482,0.260519,0.324843,0.406708
