Time,Energy,Cost,Load
0.255482,0.260512,0.323192,0.407401
