Time,Energy,Cost,Load
0.255482,0.260509,0.325882,0.406277
