Time,Energy,Cost,Load
0.255482,0.260512,0.322018,0.408084
