Time,Energy,Cost,Load
0.255482,0.260509,0.321783,0.408302
