Time,Energy,Cost,Load
0.255398,0.2605,0.328124,0.40568
