Time,Energy,Cost,Load
0.255398,0.2605,0.324127,0.406999
