Time,Energy,Cost,Load
0.255398,0.2605,0.321354,0.408636
