Time,Energy,Cost,Load
0.255314,0.260506,0.326306,0.4063
