Time,Energy,Cost,Load
0.25565,0.26059,0.322674,0.407661
