Time,Energy,Cost,Load
0.255482,0.260519,0.325505,0.406355
