Time,Energy,Cost,Load
0.25523,0.260488,0.327848,0.40588
