Time,Energy,Cost,Load
0.255482,0.260509,0.32577,0.406279
