Time,Energy,Cost,Load
0.255482,0.260566,0.323875,0.407061
