Time,Energy,Cost,Load
0.255482,0.260509,0.321059,0.408886
