Time,Energy,Cost,Load
0.255314,0.260554,0.321932,0.408405
