Time,Energy,Cost,Load
0.255398,0.2605,0.327276,0.405903
