Time,Energy,Cost,Load
0.255482,0.260529,0.326561,0.40607
