Time,Energy,Cost,Load
0.255314,0.260494,0.32444,0.407027
