Time,Energy,Cost,Load
0.255314,0.260506,0.326004,0.406379
