Time,Energy,Cost,Load
0.255398,0.2605,0.3232,0.407578
