Time,Energy,Cost,Load
0.255482,0.260512,0.321557,0.408391
