Time,Energy,Cost,Load
0.255482,0.260509,0.320901,0.409106
