Time,Energy,Cost,Load
0.255314,0.260516,0.326513,0.406246
