Time,Energy,Cost,Load
0.255482,0.260512,0.32133,0.408628
