Time,Energy,Cost,Load
0.255482,0.260512,0.323172,0.407477
