Time,Energy,Cost,Load
0.255398,0.2605,0.320735,0.409523
