Time,Energy,Cost,Load
0.255482,0.260519,0.324874,0.406605
