Time,Energy,Cost,Load
0.255314,0.260506,0.324398,0.406987
