Time,Energy,Cost,Load
0.255398,0.2605,0.323803,0.407202
