Time,Energy,Cost,Load
0.255482,0.260519,0.327134,0.405857
