Time,Energy,Cost,Load
0.25523,0.260488,0.322815,0.407857
