Time,Energy,Cost,Load
0.255566,0.260524,0.321665,0.40832
