Time,Energy,Cost,Load
0.255398,0.2605,0.328141,0.405652
