Time,Energy,Cost,Load
0.255482,0.260519,0.324283,0.406852
