Time,Energy,Cost,Load
0.255482,0.260519,0.325321,0.406444
