Time,Energy,Cost,Load
0.25523,0.260488,0.323448,0.407501
