Time,Energy,Cost,Load
0.255398,0.2605,0.321785,0.408307
