Time,Energy,Cost,Load
0.255482,0.260512,0.32108,0.408827
