Time,Energy,Cost,Load
0.255566,0.260524,0.321751,0.408249
