Time,Energy,Cost,Load
0.255566,0.260527,0.326427,0.406098
