Time,Energy,Cost,Load
0.25523,0.260488,0.326553,0.406251
