Time,Energy,Cost,Load
0.255482,0.260566,0.322079,0.408057
