Time,Energy,Cost,Load
0.255314,0.260494,0.327432,0.405971
