Time,Energy,Cost,Load
0.255314,0.260496,0.327627,0.405901
