Time,Energy,Cost,Load
0.255566,0.260524,0.321789,0.408213
