Time,Energy,Cost,Load
0.255482,0.260529,0.323959,0.407073
