Time,Energy,Cost,Load
0.255482,0.260519,0.325554,0.406327
