Time,Energy,Cost,Load
0.255566,0.260585,0.326358,0.406088
