Time,Energy,Cost,Load
0.255482,0.260519,0.323985,0.407059
