Time,Energy,Cost,Load
0.255482,0.260509,0.321787,0.408269
