Time,Energy,Cost,Load
0.255398,0.2605,0.32192,0.408162
