Time,Energy,Cost,Load
0.255482,0.260519,0.321824,0.408238
