Time,Energy,Cost,Load
0.255482,0.260519,0.32184,0.408216
