Time,Energy,Cost,Load
0.255482,0.260519,0.323899,0.407109
