Time,Energy,Cost,Load
0.255566,0.260524,0.321773,0.408233
