Time,Energy,Cost,Load
0.255314,0.260496,0.321465,0.40886
