Time,Energy,Cost,Load
0.255482,0.260519,0.323452,0.40731
