Time,Energy,Cost,Load
0.255398,0.2605,0.323664,0.40727
