Time,Energy,Cost,Load
0.255566,0.260527,0.324932,0.406598
