Time,Energy,Cost,Load
0.255482,0.260509,0.3217,0.408355
