Time,Energy,Cost,Load
0.255314,0.2605,0.321156,0.409099
