Time,Energy,Cost,Load
0.255314,0.260506,0.32423,0.407072
