Time,Energy,Cost,Load
0.255398,0.2605,0.324944,0.406664
