Time,Energy,Cost,Load
0.255566,0.260524,0.321568,0.408382
