Time,Energy,Cost,Load
0.255398,0.2605,0.321165,0.408781
