Time,Energy,Cost,Load
0.255566,0.260548,0.325642,0.406307
