Time,Energy,Cost,Load
0.255398,0.2605,0.322138,0.408045
