Time,Energy,Cost,Load
0.255482,0.260566,0.323415,0.407268
