Time,Energy,Cost,Load
0.255566,0.260527,0.326596,0.406019
