Time,Energy,Cost,Load
0.255566,0.260524,0.321556,0.408423
