Time,Energy,Cost,Load
0.255314,0.260506,0.327616,0.405953
