Time,Energy,Cost,Load
0.255566,0.260524,0.326013,0.406223
