Time,Energy,Cost,Load
0.25523,0.260488,0.328388,0.405678
