Time,Energy,Cost,Load
0.255398,0.2605,0.320784,0.409429
