Time,Energy,Cost,Load
0.255566,0.260524,0.321603,0.408344
