Time,Energy,Cost,Load
0.255566,0.260531,0.325175,0.406498
