Time,Energy,Cost,Load
0.25523,0.260488,0.32223,0.408159
