Time,Energy,Cost,Load
0.255398,0.2605,0.326148,0.406183
