Time,Energy,Cost,Load
0.255314,0.260554,0.325309,0.406686
