Time,Energy,Cost,Load
0.255398,0.2605,0.32349,0.407325
