Time,Energy,Cost,Load
0.255482,0.260512,0.32687,0.405962
