Time,Energy,Cost,Load
0.25523,0.260488,0.321559,0.408772
