Time,Energy,Cost,Load
0.255398,0.2605,0.322317,0.407944
