Time,Energy,Cost,Load
0.255314,0.260506,0.325485,0.406492
