Time,Energy,Cost,Load
0.255398,0.2605,0.321939,0.408189
