Time,Energy,Cost,Load
0.255566,0.260524,0.321876,0.408196
