Time,Energy,Cost,Load
0.255398,0.2605,0.321313,0.40869
