Time,Energy,Cost,Load
0.255482,0.260519,0.324561,0.406699
