Time,Energy,Cost,Load
0.255566,0.260524,0.321824,0.408238
