Time,Energy,Cost,Load
0.255482,0.260509,0.326603,0.406077
