Time,Energy,Cost,Load
0.255482,0.260512,0.321738,0.408299
