Time,Energy,Cost,Load
0.255482,0.260512,0.322618,0.4077
