Time,Energy,Cost,Load
0.255398,0.2605,0.320811,0.409401
