Time,Energy,Cost,Load
0.255314,0.260554,0.321945,0.408331
