Time,Energy,Cost,Load
0.255566,0.260524,0.321602,0.408353
