Time,Energy,Cost,Load
0.255398,0.2605,0.320933,0.409008
