Time,Energy,Cost,Load
0.255398,0.2605,0.327455,0.405748
