Time,Energy,Cost,Load
0.255482,0.260512,0.320952,0.408922
