Time,Energy,Cost,Load
0.255566,0.260524,0.321199,0.408748
