Time,Energy,Cost,Load
0.255398,0.2605,0.325573,0.406377
