Time,Energy,Cost,Load
0.255398,0.2605,0.32077,0.409442
