Time,Energy,Cost,Load
0.255314,0.260554,0.322217,0.408153
