Time,Energy,Cost,Load
0.25523,0.260488,0.32845,0.405675
