Time,Energy,Cost,Load
0.255482,0.260509,0.32208,0.40805
