Time,Energy,Cost,Load
0.255314,0.260506,0.323816,0.407289
