Time,Energy,Cost,Load
0.255398,0.2605,0.325548,0.406383
