Time,Energy,Cost,Load
0.25523,0.260488,0.323013,0.407667
