Time,Energy,Cost,Load
0.255482,0.260509,0.322143,0.407988
