Time,Energy,Cost,Load
0.255734,0.260632,0.326005,0.406204
