Time,Energy,Cost,Load
0.255482,0.260512,0.326023,0.406196
