Time,Energy,Cost,Load
0.255482,0.260603,0.323998,0.407041
