Time,Energy,Cost,Load
0.255482,0.260512,0.323291,0.407389
