Time,Energy,Cost,Load
0.255566,0.260521,0.321998,0.408107
