Time,Energy,Cost,Load
0.25523,0.260488,0.324062,0.40726
