Time,Energy,Cost,Load
0.255482,0.260517,0.323905,0.407106
