Time,Energy,Cost,Load
0.25565,0.260623,0.325964,0.406243
