Time,Energy,Cost,Load
0.255398,0.2605,0.322345,0.40789
