Time,Energy,Cost,Load
0.255314,0.26059,0.324121,0.40713
