Time,Energy,Cost,Load
0.255734,0.260632,0.325782,0.406249
