Time,Energy,Cost,Load
0.255482,0.260509,0.322102,0.408028
