Time,Energy,Cost,Load
0.255398,0.2605,0.321802,0.408269
