Time,Energy,Cost,Load
0.255566,0.260524,0.322139,0.407965
