Time,Energy,Cost,Load
0.255398,0.2605,0.322261,0.407986
