Time,Energy,Cost,Load
0.255398,0.2605,0.325142,0.406653
