Time,Energy,Cost,Load
0.255566,0.260524,0.322193,0.407962
