Time,Energy,Cost,Load
0.255566,0.260527,0.325289,0.406424
