Time,Energy,Cost,Load
0.255482,0.260519,0.324353,0.406811
