Time,Energy,Cost,Load
0.255566,0.260527,0.326496,0.406041
