Time,Energy,Cost,Load
0.255482,0.260603,0.323986,0.407044
