Time,Energy,Cost,Load
0.255566,0.260585,0.325277,0.406433
