Time,Energy,Cost,Load
0.255566,0.260524,0.321946,0.408123
