Time,Energy,Cost,Load
0.255398,0.2605,0.324307,0.406897
