Time,Energy,Cost,Load
0.255566,0.260524,0.321859,0.40821
