Time,Energy,Cost,Load
0.255314,0.260516,0.324071,0.407197
