Time,Energy,Cost,Load
0.255398,0.2605,0.323666,0.407285
