Time,Energy,Cost,Load
0.255482,0.260512,0.322904,0.407582
