Time,Energy,Cost,Load
0.25565,0.260556,0.3251,0.406549
