Time,Energy,Cost,Load
0.255398,0.2605,0.325106,0.406587
