Time,Energy,Cost,Load
0.255482,0.260512,0.324745,0.406724
