Time,Energy,Cost,Load
0.255734,0.260562,0.327292,0.405856
