Time,Energy,Cost,Load
0.255566,0.260524,0.323887,0.407089
