Time,Energy,Cost,Load
0.255566,0.260524,0.322027,0.408044
