Time,Energy,Cost,Load
0.255482,0.260512,0.3212,0.408743
