Time,Energy,Cost,Load
0.255482,0.260519,0.324462,0.406781
