Time,Energy,Cost,Load
0.255314,0.260516,0.326184,0.406321
