Time,Energy,Cost,Load
0.25523,0.260488,0.322124,0.40834
