Time,Energy,Cost,Load
0.255482,0.260512,0.320942,0.408963
