Time,Energy,Cost,Load
0.255482,0.260512,0.322546,0.407715
