Time,Energy,Cost,Load
0.255314,0.260537,0.324377,0.40704
