Time,Energy,Cost,Load
0.255482,0.260509,0.325044,0.406556
