Time,Energy,Cost,Load
0.255566,0.260548,0.325237,0.406449
