Time,Energy,Cost,Load
0.272868,0.180675,0.443012,0.037342
