Time,Energy,Cost,Load
0.268891,0.145355,0.456037,0.0147826
