Time,Energy,Cost,Load
0.271542,0.145496,0.446103,0.0336557
