Time,Energy,Cost,Load
0.272426,0.173014,0.462291,0.00492022
