Time,Energy,Cost,Load
0.271763,0.181838,0.464381,0.00786664
