Time,Energy,Cost,Load
0.272426,0.137667,0.464543,0.00375458
