Time,Energy,Cost,Load
0.272868,0.138194,0.463314,0.00387708
