Time,Energy,Cost,Load
0.272426,0.137667,0.46364,0.00414065
