Time,Energy,Cost,Load
0.27331,0.173929,0.467483,0.00202466
