Time,Energy,Cost,Load
0.271763,0.145841,0.451911,0.0109886
