Time,Energy,Cost,Load
0.272426,0.138055,0.474026,0.0010966
