Time,Energy,Cost,Load
0.273973,0.139506,0.458305,0.00715129
