Time,Energy,Cost,Load
0.273531,0.146214,0.44438,0.0377651
