Time,Energy,Cost,Load
0.273752,0.180705,0.438812,0.0522058
