Time,Energy,Cost,Load
0.274194,0.138245,0.469479,0.0021713
