Time,Energy,Cost,Load
0.273531,0.137322,0.473854,0.00867146
