Time,Energy,Cost,Load
0.268891,0.179703,0.459297,0.0117942
