Time,Energy,Cost,Load
0.27331,0.174772,0.462049,0.00467893
