Time,Energy,Cost,Load
0.273531,0.173419,0.46032,0.00582973
