Time,Energy,Cost,Load
0.273531,0.174113,0.466102,0.00229937
