Time,Energy,Cost,Load
0.273973,0.137409,0.470943,0.00776567
