Time,Energy,Cost,Load
0.273752,0.181944,0.447851,0.0166795
