Time,Energy,Cost,Load
0.275298,0.147259,0.439761,0.0542142
