Time,Energy,Cost,Load
0.275077,0.140182,0.459848,0.00600791
