Time,Energy,Cost,Load
0.274635,0.138289,0.472074,0.00102792
