Time,Energy,Cost,Load
0.274414,0.138254,0.468461,0.00270586
