Time,Energy,Cost,Load
0.274635,0.173743,0.470598,0.00143627
