Time,Energy,Cost,Load
0.268891,0.179703,0.459905,0.00813392
