Time,Energy,Cost,Load
0.274635,0.14524,0.475799,0.000784771
