Time,Energy,Cost,Load
0.275298,0.147464,0.442616,0.0347953
