Time,Energy,Cost,Load
0.274856,0.148174,0.443883,0.0248354
