Time,Energy,Cost,Load
0.274635,0.14524,0.475718,0.000918412
