Time,Energy,Cost,Load
0.274856,0.175476,0.462538,0.00412209
