Time,Energy,Cost,Load
0.276624,0.146786,0.445288,0.0230498
