Time,Energy,Cost,Load
0.275519,0.175514,0.459518,0.0061564
