Time,Energy,Cost,Load
0.269554,0.179764,0.455706,0.00987126
