Time,Energy,Cost,Load
0.276403,0.138775,0.453275,0.0196245
