Time,Energy,Cost,Load
0.275961,0.147901,0.444562,0.0271889
