Time,Energy,Cost,Load
0.276624,0.181134,0.445144,0.0233282
