Time,Energy,Cost,Load
0.276403,0.138775,0.457322,0.0130018
