Time,Energy,Cost,Load
0.277508,0.15416,0.468268,0.00240359
