Time,Energy,Cost,Load
0.277729,0.183246,0.440166,0.0382366
