Time,Energy,Cost,Load
0.276182,0.187881,0.457459,0.00667129
