Time,Energy,Cost,Load
0.277066,0.181312,0.439655,0.0434894
