Time,Energy,Cost,Load
0.279275,0.153818,0.456846,0.00654508
