Time,Energy,Cost,Load
0.278171,0.182547,0.447381,0.0210637
