Time,Energy,Cost,Load
0.279496,0.183499,0.439239,0.0428843
