Time,Energy,Cost,Load
0.279938,0.139221,0.458957,0.00752994
