Time,Energy,Cost,Load
0.281043,0.182531,0.454626,0.00810794
