Time,Energy,Cost,Load
0.280822,0.14767,0.449082,0.0186099
