Time,Energy,Cost,Load
0.279275,0.188166,0.452475,0.00973391
