Time,Energy,Cost,Load
0.28038,0.148547,0.452773,0.00992323
