Time,Energy,Cost,Load
0.278612,0.18342,0.447284,0.0204363
