Time,Energy,Cost,Load
0.269554,0.180283,0.450546,0.012997
