Time,Energy,Cost,Load
0.279496,0.149151,0.438423,0.0454013
