Time,Energy,Cost,Load
0.283252,0.147964,0.436267,0.0602243
