Time,Energy,Cost,Load
0.282369,0.147934,0.440953,0.0393169
