Time,Energy,Cost,Load
0.281927,0.149689,0.441486,0.0365661
