Time,Energy,Cost,Load
0.282369,0.147934,0.438638,0.047495
