Time,Energy,Cost,Load
0.283252,0.182312,0.437975,0.0555357
