Time,Energy,Cost,Load
0.281264,0.190755,0.457602,0.00507131
