Time,Energy,Cost,Load
0.281264,0.156407,0.457488,0.00574694
