Time,Energy,Cost,Load
0.282589,0.156995,0.456267,0.00602536
