Time,Energy,Cost,Load
0.283252,0.147964,0.437192,0.0580266
