Time,Energy,Cost,Load
0.281264,0.190755,0.45779,0.00484858
