Time,Energy,Cost,Load
0.270217,0.14594,0.45222,0.0124995
