Time,Energy,Cost,Load
0.285241,0.148962,0.435678,0.0690966
