Time,Energy,Cost,Load
0.284136,0.183271,0.43717,0.0570243
