Time,Energy,Cost,Load
0.283694,0.1488,0.439855,0.0440389
