Time,Energy,Cost,Load
0.285904,0.14844,0.442473,0.0303629
