Time,Energy,Cost,Load
0.285241,0.18331,0.435739,0.0645231
