Time,Energy,Cost,Load
0.270658,0.179909,0.449209,0.0174777
