Time,Energy,Cost,Load
0.283915,0.149501,0.449601,0.0135872
