Time,Energy,Cost,Load
0.285241,0.148962,0.435331,0.0716135
