Time,Energy,Cost,Load
0.285241,0.18331,0.436042,0.0630159
