Time,Energy,Cost,Load
0.286125,0.183018,0.442983,0.0268363
