Time,Energy,Cost,Load
0.284578,0.15804,0.468028,0.00241473
