Time,Energy,Cost,Load
0.287671,0.140871,0.455032,0.0170667
