Time,Energy,Cost,Load
0.287892,0.184272,0.441276,0.0320037
