Time,Energy,Cost,Load
0.289439,0.149167,0.442107,0.0276752
