Time,Energy,Cost,Load
0.2711,0.179938,0.44461,0.0332659
