Time,Energy,Cost,Load
0.286787,0.15065,0.446312,0.0181125
