Time,Energy,Cost,Load
0.288334,0.151002,0.441924,0.0343499
