Time,Energy,Cost,Load
0.288555,0.141265,0.451249,0.0254713
