Time,Energy,Cost,Load
0.286567,0.184885,0.444876,0.0218433
