Time,Energy,Cost,Load
0.286346,0.150144,0.450627,0.0121506
