Time,Energy,Cost,Load
0.286787,0.184998,0.446898,0.0172215
