Time,Energy,Cost,Load
0.28745,0.150032,0.447872,0.0160188
