Time,Energy,Cost,Load
0.293195,0.186619,0.438624,0.0402338
