Time,Energy,Cost,Load
0.2711,0.180094,0.443246,0.0343239
