Time,Energy,Cost,Load
0.289881,0.152198,0.445743,0.0188438
