Time,Energy,Cost,Load
0.293858,0.187199,0.441279,0.0318998
