Time,Energy,Cost,Load
0.295625,0.187986,0.434503,0.0680386
