Time,Energy,Cost,Load
0.291427,0.15133,0.446242,0.0195788
