Time,Energy,Cost,Load
0.293195,0.186619,0.437669,0.0482374
