Time,Energy,Cost,Load
0.295625,0.187986,0.433549,0.0750919
