Time,Energy,Cost,Load
0.293195,0.152271,0.437293,0.050539
