Time,Energy,Cost,Load
0.215075,0.240844,0.271957,0.204808
