Time,Energy,Cost,Load
0.214958,0.240839,0.275976,0.201975
