Time,Energy,Cost,Load
0.222601,0.24292,0.288589,0.201593
