Time,Energy,Cost,Load
0.21531,0.240884,0.272313,0.204462
