Time,Energy,Cost,Load
0.217192,0.240888,0.277439,0.201786
