Time,Energy,Cost,Load
0.214958,0.240839,0.273698,0.202868
