Time,Energy,Cost,Load
0.216134,0.241246,0.272485,0.203973
