Time,Energy,Cost,Load
0.214958,0.240839,0.273346,0.203057
