Time,Energy,Cost,Load
0.216957,0.24278,0.272095,0.20417
