Time,Energy,Cost,Load
0.217897,0.243232,0.272235,0.20399
