Time,Energy,Cost,Load
0.214958,0.240839,0.273168,0.20313
