Time,Energy,Cost,Load
0.214958,0.240839,0.273266,0.203049
