Time,Energy,Cost,Load
0.214958,0.240839,0.27444,0.202408
