Time,Energy,Cost,Load
0.214958,0.240839,0.273383,0.202963
