Time,Energy,Cost,Load
0.222601,0.24292,0.29036,0.201514
