Time,Energy,Cost,Load
0.214958,0.240839,0.273576,0.203055
