Time,Energy,Cost,Load
0.214958,0.240839,0.273798,0.202783
