Time,Energy,Cost,Load
0.21531,0.241084,0.272374,0.204284
