Time,Energy,Cost,Load
0.21531,0.241084,0.272873,0.203453
