Time,Energy,Cost,Load
0.220837,0.243083,0.271099,0.206113
