Time,Energy,Cost,Load
0.222601,0.24292,0.28726,0.201699
