Time,Energy,Cost,Load
0.21531,0.241011,0.272951,0.203436
