Time,Energy,Cost,Load
0.215546,0.241148,0.275517,0.201929
