Time,Energy,Cost,Load
0.214958,0.240839,0.275009,0.202167
