Time,Energy,Cost,Load
0.218603,0.241943,0.27186,0.204863
