Time,Energy,Cost,Load
0.216134,0.241322,0.275306,0.201995
