Time,Energy,Cost,Load
0.21531,0.241084,0.2729,0.20342
