Time,Energy,Cost,Load
0.214958,0.240839,0.274742,0.202315
