Time,Energy,Cost,Load
0.216016,0.241339,0.272516,0.203691
