Time,Energy,Cost,Load
0.214958,0.240839,0.272633,0.203565
