Time,Energy,Cost,Load
0.215193,0.240917,0.276417,0.201806
