Time,Energy,Cost,Load
0.215075,0.240844,0.271655,0.205301
