Time,Energy,Cost,Load
0.214958,0.240839,0.272981,0.203315
