Time,Energy,Cost,Load
0.216134,0.241322,0.275662,0.201874
