Time,Energy,Cost,Load
0.222601,0.24292,0.289383,0.201417
