Time,Energy,Cost,Load
0.222836,0.242963,0.288432,0.201612
