Time,Energy,Cost,Load
0.216134,0.24222,0.272878,0.203371
