Time,Energy,Cost,Load
0.222719,0.242925,0.289335,0.201458
