Time,Energy,Cost,Load
0.215663,0.241444,0.271541,0.206057
