Time,Energy,Cost,Load
0.214958,0.240839,0.27257,0.204562
