Time,Energy,Cost,Load
0.215075,0.240844,0.272452,0.20415
