Time,Energy,Cost,Load
0.214958,0.240839,0.27263,0.203563
