Time,Energy,Cost,Load
0.214958,0.240839,0.275604,0.201895
