Time,Energy,Cost,Load
0.222601,0.24292,0.288375,0.201663
