Time,Energy,Cost,Load
0.216134,0.241322,0.275151,0.202089
