Time,Energy,Cost,Load
0.216722,0.242036,0.272555,0.20368
