Time,Energy,Cost,Load
0.220132,0.252707,0.271263,0.205524
