Time,Energy,Cost,Load
0.215546,0.241148,0.275513,0.20197
