Time,Energy,Cost,Load
0.214958,0.240839,0.273426,0.202994
