Time,Energy,Cost,Load
0.214958,0.240839,0.27505,0.202131
