Time,Energy,Cost,Load
0.222484,0.243782,0.270483,0.206817
