Time,Energy,Cost,Load
0.214958,0.240839,0.274164,0.20255
