Time,Energy,Cost,Load
0.214958,0.240839,0.273203,0.2031
