Time,Energy,Cost,Load
0.223895,0.243533,0.287889,0.201627
