Time,Energy,Cost,Load
0.223189,0.243118,0.289076,0.20139
