Time,Energy,Cost,Load
0.218485,0.243356,0.270648,0.206489
