Time,Energy,Cost,Load
0.241416,0.264214,0.274635,0.202388
