Time,Energy,Cost,Load
0.214958,0.240839,0.2735,0.202971
