Time,Energy,Cost,Load
0.222719,0.242958,0.28751,0.201676
