Time,Energy,Cost,Load
0.222719,0.242925,0.28835,0.201636
