Time,Energy,Cost,Load
0.219544,0.241782,0.271559,0.205771
