Time,Energy,Cost,Load
0.236359,0.261676,0.277313,0.201631
