Time,Energy,Cost,Load
0.214958,0.240839,0.275917,0.202018
