Time,Energy,Cost,Load
0.214958,0.240839,0.273493,0.202972
