Time,Energy,Cost,Load
0.21531,0.241084,0.272947,0.203394
