Time,Energy,Cost,Load
0.215193,0.240917,0.276719,0.201801
