Time,Energy,Cost,Load
0.214958,0.240839,0.27323,0.20308
