Time,Energy,Cost,Load
0.223071,0.242936,0.288012,0.201523
