Time,Energy,Cost,Load
0.214958,0.240839,0.274667,0.202364
