Time,Energy,Cost,Load
0.222954,0.243569,0.289289,0.201423
