Time,Energy,Cost,Load
0.224483,0.243397,0.287576,0.201581
