Time,Energy,Cost,Load
0.302483,0.29118,0.388623,0.405914
