Time,Energy,Cost,Load
0.302483,0.291237,0.386541,0.407924
