Time,Energy,Cost,Load
0.302232,0.291045,0.389721,0.405371
