Time,Energy,Cost,Load
0.364685,0.583981,0.47843,0.403382
