Time,Energy,Cost,Load
0.302483,0.291237,0.386392,0.408242
