Time,Energy,Cost,Load
0.302483,0.29118,0.388582,0.40629
