Time,Energy,Cost,Load
0.302232,0.291045,0.392164,0.40505
