Time,Energy,Cost,Load
0.302483,0.291237,0.386985,0.407188
