Time,Energy,Cost,Load
0.302734,0.291259,0.38796,0.406216
