Time,Energy,Cost,Load
0.302734,0.291373,0.386177,0.408721
