Time,Energy,Cost,Load
0.302232,0.291045,0.386331,0.408581
