Time,Energy,Cost,Load
0.302483,0.291237,0.391492,0.405137
