Time,Energy,Cost,Load
0.302483,0.291237,0.386747,0.407723
