Time,Energy,Cost,Load
0.302483,0.291237,0.386895,0.407454
