Time,Energy,Cost,Load
0.302734,0.291373,0.386361,0.40844
