Time,Energy,Cost,Load
0.303486,0.29178,0.385959,0.408935
