Time,Energy,Cost,Load
0.303486,0.292022,0.389406,0.405485
