Time,Energy,Cost,Load
0.303737,0.292165,0.386554,0.407528
