Time,Energy,Cost,Load
0.304239,0.29397,0.387311,0.406788
