Time,Energy,Cost,Load
0.304991,0.293049,0.388601,0.405944
