Time,Energy,Cost,Load
0.30449,0.292835,0.38717,0.407028
