Time,Energy,Cost,Load
0.303737,0.293622,0.388241,0.40609
