Time,Energy,Cost,Load
0.304239,0.291748,0.390432,0.40522
