Time,Energy,Cost,Load
0.303988,0.292439,0.388736,0.405844
