Time,Energy,Cost,Load
0.305493,0.294968,0.387614,0.406505
