Time,Energy,Cost,Load
0.305744,0.293365,0.386228,0.408205
