Time,Energy,Cost,Load
0.305242,0.293355,0.387448,0.406702
