Time,Energy,Cost,Load
0.306747,0.295589,0.387158,0.406948
