Time,Energy,Cost,Load
0.307249,0.294863,0.388129,0.406157
