Time,Energy,Cost,Load
0.30775,0.294336,0.386862,0.407226
