Time,Energy,Cost,Load
0.305242,0.293355,0.391023,0.405074
