Time,Energy,Cost,Load
0.306496,0.294609,0.388238,0.406043
