Time,Energy,Cost,Load
0.305493,0.292546,0.386515,0.407659
