Time,Energy,Cost,Load
0.358415,0.614106,0.469999,0.404055
