Time,Energy,Cost,Load
0.358415,0.614106,0.469835,0.40423
