Time,Energy,Cost,Load
0.358415,0.614106,0.46962,0.404605
