Time,Energy,Cost,Load
0.358415,0.614106,0.469384,0.404964
