Time,Energy,Cost,Load
0.308503,0.294856,0.386524,0.407608
