Time,Energy,Cost,Load
0.358415,0.614106,0.470194,0.404047
