Time,Energy,Cost,Load
0.358415,0.614106,0.46949,0.404777
