Time,Energy,Cost,Load
0.30775,0.294336,0.386939,0.407082
