Time,Energy,Cost,Load
0.358666,0.614299,0.470546,0.403429
