Time,Energy,Cost,Load
0.358666,0.614299,0.472245,0.402413
