Time,Energy,Cost,Load
0.358415,0.614106,0.473939,0.402265
