Time,Energy,Cost,Load
0.358666,0.614299,0.470707,0.403283
