Time,Energy,Cost,Load
0.358415,0.614106,0.472492,0.402537
