Time,Energy,Cost,Load
0.358666,0.614299,0.471622,0.402709
