Time,Energy,Cost,Load
0.358415,0.614106,0.474998,0.401989
