Time,Energy,Cost,Load
0.358666,0.614491,0.470941,0.403146
