Time,Energy,Cost,Load
0.359167,0.614705,0.47024,0.403625
