Time,Energy,Cost,Load
0.358916,0.61455,0.470453,0.403438
