Time,Energy,Cost,Load
0.358666,0.614491,0.473667,0.402199
