Time,Energy,Cost,Load
0.359418,0.580834,0.478963,0.40333
