Time,Energy,Cost,Load
0.359418,0.580834,0.476627,0.405037
