Time,Energy,Cost,Load
0.359167,0.614935,0.469855,0.404124
