Time,Energy,Cost,Load
0.359418,0.580834,0.477914,0.403786
