Time,Energy,Cost,Load
0.358916,0.61432,0.470258,0.403684
