Time,Energy,Cost,Load
0.359669,0.58097,0.481227,0.402757
