Time,Energy,Cost,Load
0.360421,0.615051,0.471811,0.402648
