Time,Energy,Cost,Load
0.359669,0.58097,0.478342,0.403554
