Time,Energy,Cost,Load
0.360171,0.581045,0.48096,0.402587
