Time,Energy,Cost,Load
0.360171,0.581045,0.481493,0.402473
