Time,Energy,Cost,Load
0.35992,0.581278,0.477955,0.4036
