Time,Energy,Cost,Load
0.360672,0.615896,0.469783,0.404389
