Time,Energy,Cost,Load
0.302232,0.291045,0.387719,0.40639
