Time,Energy,Cost,Load
0.359418,0.614509,0.473768,0.4021
