Time,Energy,Cost,Load
0.359669,0.58097,0.479746,0.402806
