Time,Energy,Cost,Load
0.361425,0.616416,0.473152,0.402172
