Time,Energy,Cost,Load
0.361926,0.616994,0.469744,0.404483
