Time,Energy,Cost,Load
0.361675,0.582625,0.476943,0.4045
