Time,Energy,Cost,Load
0.361425,0.616416,0.474368,0.401982
