Time,Energy,Cost,Load
0.362428,0.583145,0.478218,0.403507
