Time,Energy,Cost,Load
0.361675,0.582625,0.477388,0.403976
