Time,Energy,Cost,Load
0.361675,0.582625,0.477853,0.40373
