Time,Energy,Cost,Load
0.360923,0.581452,0.479146,0.402993
