Time,Energy,Cost,Load
0.36293,0.583722,0.476677,0.405024
