Time,Energy,Cost,Load
0.362177,0.616627,0.472921,0.402245
