Time,Energy,Cost,Load
0.268924,0.385027,0.342761,0.40481
