Time,Energy,Cost,Load
0.255314,0.260631,0.320412,0.40953
