Time,Energy,Cost,Load
0.255314,0.260631,0.324114,0.407326
