Time,Energy,Cost,Load
0.255314,0.260516,0.325314,0.40711
