Time,Energy,Cost,Load
0.255314,0.260494,0.322145,0.408422
