Time,Energy,Cost,Load
0.255314,0.260516,0.323826,0.407537
