Time,Energy,Cost,Load
0.255314,0.260631,0.321636,0.4088
