Time,Energy,Cost,Load
0.255482,0.260644,0.323477,0.407445
