Time,Energy,Cost,Load
0.255398,0.2605,0.325378,0.406586
