Time,Energy,Cost,Load
0.255482,0.260644,0.320685,0.40912
