Time,Energy,Cost,Load
0.255482,0.260644,0.321226,0.408642
