Time,Energy,Cost,Load
0.255482,0.260644,0.319956,0.409646
