Time,Energy,Cost,Load
0.255482,0.260644,0.320574,0.409128
