Time,Energy,Cost,Load
0.255482,0.260644,0.320185,0.409448
