Time,Energy,Cost,Load
0.255482,0.260644,0.321035,0.408746
