Time,Energy,Cost,Load
0.255482,0.260644,0.319893,0.409852
