Time,Energy,Cost,Load
0.25565,0.26055,0.327306,0.406211
