Time,Energy,Cost,Load
0.25565,0.260667,0.321432,0.40864
