Time,Energy,Cost,Load
0.255566,0.260662,0.319817,0.409928
