Time,Energy,Cost,Load
0.255566,0.260646,0.32277,0.407732
