Time,Energy,Cost,Load
0.255482,0.266195,0.327366,0.406133
