Time,Energy,Cost,Load
0.255566,0.260646,0.321901,0.408328
