Time,Energy,Cost,Load
0.255566,0.260598,0.327164,0.405994
