Time,Energy,Cost,Load
0.255818,0.26075,0.32408,0.40716
