Time,Energy,Cost,Load
0.255734,0.260646,0.329888,0.405608
