Time,Energy,Cost,Load
0.255818,0.260512,0.326333,0.406324
