Time,Energy,Cost,Load
0.255902,0.261469,0.32555,0.406531
