Time,Energy,Cost,Load
0.25523,0.260488,0.329432,0.405791
