Time,Energy,Cost,Load
0.256154,0.262799,0.327998,0.405864
