Time,Energy,Cost,Load
0.255734,0.260674,0.320284,0.409345
