Time,Energy,Cost,Load
0.256238,0.26126,0.324865,0.406896
