Time,Energy,Cost,Load
0.255986,0.2664,0.327373,0.405854
