Time,Energy,Cost,Load
0.25607,0.261459,0.32419,0.407027
