Time,Energy,Cost,Load
0.256238,0.261128,0.32533,0.406697
