Time,Energy,Cost,Load
0.258254,0.262776,0.325675,0.406527
