Time,Energy,Cost,Load
0.256994,0.26165,0.327391,0.405964
