Time,Energy,Cost,Load
0.256658,0.26114,0.326936,0.406044
