Time,Energy,Cost,Load
0.257834,0.262485,0.324772,0.406827
