Time,Energy,Cost,Load
0.256406,0.261165,0.32499,0.40676
