Time,Energy,Cost,Load
0.258002,0.26818,0.324994,0.406639
