Time,Energy,Cost,Load
0.256238,0.26126,0.324661,0.406995
