Time,Energy,Cost,Load
0.258254,0.262734,0.326255,0.406275
