Time,Energy,Cost,Load
0.25691,0.26729,0.326235,0.406182
