Time,Energy,Cost,Load
0.257834,0.262485,0.32321,0.407541
