Time,Energy,Cost,Load
0.259598,0.276663,0.335449,0.405402
