Time,Energy,Cost,Load
0.258338,0.263577,0.324366,0.406947
