Time,Energy,Cost,Load
0.259514,0.276655,0.335818,0.405485
