Time,Energy,Cost,Load
0.259514,0.276655,0.336145,0.405193
