Time,Energy,Cost,Load
0.258422,0.262536,0.325882,0.406378
