Time,Energy,Cost,Load
0.259598,0.276687,0.336311,0.405119
