Time,Energy,Cost,Load
0.259598,0.276684,0.335093,0.405514
