Time,Energy,Cost,Load
0.259682,0.276667,0.335614,0.405252
