Time,Energy,Cost,Load
0.263211,0.366493,0.337625,0.40497
