Time,Energy,Cost,Load
0.25985,0.276691,0.335354,0.405297
