Time,Energy,Cost,Load
0.261363,0.276997,0.334971,0.405304
