Time,Energy,Cost,Load
0.261363,0.276997,0.334622,0.405458
