Time,Energy,Cost,Load
0.263463,0.367188,0.338317,0.404901
