Time,Energy,Cost,Load
0.263463,0.366535,0.336741,0.405088
