Time,Energy,Cost,Load
0.260018,0.276749,0.335988,0.405194
