Time,Energy,Cost,Load
0.263379,0.366506,0.337523,0.405024
