Time,Energy,Cost,Load
0.267832,0.377452,0.343145,0.404744
