Time,Energy,Cost,Load
0.264135,0.367351,0.336576,0.404948
