Time,Energy,Cost,Load
0.267496,0.376984,0.342868,0.404835
