Time,Energy,Cost,Load
0.263631,0.366555,0.336927,0.405022
