Time,Energy,Cost,Load
0.267496,0.376978,0.343776,0.404636
