Time,Energy,Cost,Load
0.267496,0.376978,0.343515,0.404729
