Time,Energy,Cost,Load
0.26758,0.376988,0.344157,0.404619
