Time,Energy,Cost,Load
0.263631,0.367201,0.337504,0.404884
