Time,Energy,Cost,Load
0.267496,0.376978,0.3446,0.404316
