Time,Energy,Cost,Load
0.25523,0.260488,0.328094,0.406102
