Time,Energy,Cost,Load
0.255398,0.266183,0.326437,0.406292
