Time,Energy,Cost,Load
0.255566,0.266196,0.325912,0.40642
