Time,Energy,Cost,Load
0.25565,0.266262,0.325906,0.406381
