Time,Energy,Cost,Load
0.25565,0.266245,0.324586,0.406918
