Time,Energy,Cost,Load
0.25565,0.266276,0.323965,0.407283
