Time,Energy,Cost,Load
0.255482,0.260568,0.32724,0.406534
