Time,Energy,Cost,Load
0.255482,0.260532,0.328204,0.405734
