Time,Energy,Cost,Load
0.25565,0.266298,0.32617,0.406305
