Time,Energy,Cost,Load
0.255902,0.261347,0.325618,0.40667
