Time,Energy,Cost,Load
0.25565,0.266298,0.326384,0.40625
