Time,Energy,Cost,Load
0.25565,0.266276,0.324922,0.406712
