Time,Energy,Cost,Load
0.255818,0.261479,0.324998,0.406759
