Time,Energy,Cost,Load
0.25565,0.266276,0.324863,0.406742
