Time,Energy,Cost,Load
0.255734,0.266365,0.326932,0.405944
