Time,Energy,Cost,Load
0.255818,0.260542,0.321419,0.408596
