Time,Energy,Cost,Load
0.255818,0.260542,0.322688,0.407922
