Time,Energy,Cost,Load
0.256154,0.261116,0.328141,0.405959
