Time,Energy,Cost,Load
0.255986,0.261541,0.324107,0.406964
