Time,Energy,Cost,Load
0.256154,0.261595,0.324652,0.406947
