Time,Energy,Cost,Load
0.255902,0.266391,0.325858,0.406336
