Time,Energy,Cost,Load
0.255902,0.261496,0.322059,0.408129
