Time,Energy,Cost,Load
0.256238,0.260665,0.327599,0.405973
