Time,Energy,Cost,Load
0.256322,0.260677,0.326561,0.406336
