Time,Energy,Cost,Load
0.256238,0.261128,0.328012,0.40586
