Time,Energy,Cost,Load
0.256238,0.261128,0.327544,0.405936
