Time,Energy,Cost,Load
0.256322,0.261137,0.326689,0.406059
