Time,Energy,Cost,Load
0.256406,0.261158,0.324943,0.406791
