Time,Energy,Cost,Load
0.256406,0.261158,0.323856,0.407343
