Time,Energy,Cost,Load
0.25649,0.26119,0.326503,0.406145
