Time,Energy,Cost,Load
0.256322,0.261201,0.324122,0.407219
