Time,Energy,Cost,Load
0.25649,0.261136,0.324898,0.406886
