Time,Energy,Cost,Load
0.256406,0.261359,0.326662,0.406112
