Time,Energy,Cost,Load
0.256742,0.260764,0.326596,0.406237
