Time,Energy,Cost,Load
0.256406,0.261402,0.322136,0.408188
