Time,Energy,Cost,Load
0.256742,0.260764,0.323114,0.407648
