Time,Energy,Cost,Load
0.256322,0.26139,0.32384,0.407142
