Time,Energy,Cost,Load
0.257834,0.262495,0.325059,0.406733
