Time,Energy,Cost,Load
0.257834,0.262485,0.325352,0.406523
