Time,Energy,Cost,Load
0.257918,0.262503,0.326583,0.40614
