Time,Energy,Cost,Load
0.25775,0.262484,0.325555,0.406596
