Time,Energy,Cost,Load
0.257834,0.262485,0.323826,0.407282
