Time,Energy,Cost,Load
0.257666,0.260973,0.32625,0.406433
