Time,Energy,Cost,Load
0.25691,0.261382,0.326463,0.406358
