Time,Energy,Cost,Load
0.256994,0.26166,0.325668,0.406612
