Time,Energy,Cost,Load
0.257834,0.262485,0.325391,0.406506
