Time,Energy,Cost,Load
0.25691,0.260788,0.324633,0.40686
