Time,Energy,Cost,Load
0.259682,0.276667,0.334912,0.405495
