Time,Energy,Cost,Load
0.259598,0.276684,0.334752,0.405614
