Time,Energy,Cost,Load
0.263379,0.367666,0.337121,0.405303
