Time,Energy,Cost,Load
0.258086,0.262527,0.326293,0.406252
