Time,Energy,Cost,Load
0.259514,0.276655,0.33594,0.405436
