Time,Energy,Cost,Load
0.258086,0.266578,0.326536,0.406124
