Time,Energy,Cost,Load
0.258086,0.262515,0.325767,0.406487
