Time,Energy,Cost,Load
0.263379,0.367666,0.337246,0.405012
