Time,Energy,Cost,Load
0.264051,0.367965,0.336452,0.405063
