Time,Energy,Cost,Load
0.263463,0.367732,0.337341,0.4049
