Time,Energy,Cost,Load
0.263379,0.367666,0.338154,0.404794
