Time,Energy,Cost,Load
0.263379,0.367666,0.33749,0.404903
