Time,Energy,Cost,Load
0.263379,0.367666,0.33753,0.404831
