Time,Energy,Cost,Load
0.263631,0.367745,0.337233,0.404893
