Time,Energy,Cost,Load
0.263715,0.367741,0.337172,0.404914
