Time,Energy,Cost,Load
0.263547,0.367679,0.336495,0.405387
