Time,Energy,Cost,Load
0.263463,0.367678,0.338427,0.404778
