Time,Energy,Cost,Load
0.268672,0.384978,0.342505,0.404708
