Time,Energy,Cost,Load
0.268672,0.384978,0.344478,0.40439
