Time,Energy,Cost,Load
0.268672,0.384978,0.342815,0.404613
