Time,Energy,Cost,Load
0.268672,0.384978,0.342896,0.404578
