Time,Energy,Cost,Load
0.268504,0.384965,0.342918,0.404664
