Time,Energy,Cost,Load
0.268672,0.384978,0.343835,0.404421
