Time,Energy,Cost,Load
0.268504,0.384965,0.343861,0.404604
