Time,Energy,Cost,Load
0.268891,0.179703,0.455316,0.00658591
