Time,Energy,Cost,Load
0.268891,0.179703,0.454689,0.00725783
