Time,Energy,Cost,Load
0.268891,0.179703,0.456102,0.00582119
