Time,Energy,Cost,Load
0.268891,0.179703,0.454154,0.00765875
