Time,Energy,Cost,Load
0.268891,0.179703,0.452228,0.00951859
