Time,Energy,Cost,Load
0.268891,0.179703,0.452485,0.0124624
