Time,Energy,Cost,Load
0.268891,0.179703,0.45332,0.00858311
