Time,Energy,Cost,Load
0.268891,0.179703,0.451338,0.0119724
