Time,Energy,Cost,Load
0.268891,0.179703,0.456299,0.00588058
