Time,Energy,Cost,Load
0.268891,0.179703,0.457019,0.00544625
