Time,Energy,Cost,Load
0.268891,0.179703,0.450187,0.0156364
