Time,Energy,Cost,Load
0.268891,0.179703,0.450414,0.0142109
