Time,Energy,Cost,Load
0.268891,0.179703,0.457949,0.00523836
