Time,Energy,Cost,Load
0.268891,0.179703,0.452827,0.00918078
