Time,Energy,Cost,Load
0.268891,0.179703,0.459031,0.00433257
