Time,Energy,Cost,Load
0.268891,0.179703,0.453205,0.00893948
