Time,Energy,Cost,Load
0.268891,0.179703,0.455907,0.00587687
