Time,Energy,Cost,Load
0.268891,0.179703,0.452057,0.0102945
