Time,Energy,Cost,Load
0.269333,0.179977,0.450821,0.0122657
