Time,Energy,Cost,Load
0.269996,0.180358,0.454608,0.00687918
