Time,Energy,Cost,Load
0.269996,0.180358,0.452653,0.00888009
