Time,Energy,Cost,Load
0.269112,0.179755,0.453929,0.00765504
