Time,Energy,Cost,Load
0.269112,0.179712,0.461005,0.00396506
