Time,Energy,Cost,Load
0.269996,0.180358,0.452553,0.00943321
