Time,Energy,Cost,Load
0.268891,0.179703,0.456494,0.00598082
