Time,Energy,Cost,Load
0.269112,0.179712,0.449125,0.0237105
