Time,Energy,Cost,Load
0.269112,0.179712,0.451737,0.0114935
