Time,Energy,Cost,Load
0.269554,0.179835,0.460014,0.00421007
