Time,Energy,Cost,Load
0.269554,0.179835,0.462077,0.00351959
