Time,Energy,Cost,Load
0.271542,0.184465,0.457323,0.00507131
