Time,Energy,Cost,Load
0.270437,0.18062,0.452844,0.00844947
