Time,Energy,Cost,Load
0.270437,0.18062,0.451626,0.0111668
