Time,Energy,Cost,Load
0.271542,0.18112,0.450538,0.0128262
