Time,Energy,Cost,Load
0.270217,0.180526,0.453218,0.00862394
