Time,Energy,Cost,Load
0.271542,0.184465,0.455867,0.00631121
