Time,Energy,Cost,Load
0.269996,0.180358,0.457925,0.00495994
