Time,Energy,Cost,Load
0.2711,0.181212,0.454506,0.00734321
