Time,Energy,Cost,Load
0.270658,0.180188,0.459027,0.00508616
