Time,Energy,Cost,Load
0.271542,0.18112,0.44696,0.018777
