Time,Energy,Cost,Load
0.272205,0.172962,0.461601,0.00470491
