Time,Energy,Cost,Load
0.272205,0.172962,0.457196,0.0104552
