Time,Energy,Cost,Load
0.272205,0.172962,0.45662,0.015953
