Time,Energy,Cost,Load
0.272205,0.172962,0.458931,0.00674665
