Time,Energy,Cost,Load
0.272205,0.172962,0.459051,0.00702136
