Time,Energy,Cost,Load
0.272205,0.172962,0.461102,0.00590768
