Time,Energy,Cost,Load
0.272205,0.172962,0.457048,0.0110937
