Time,Energy,Cost,Load
0.272205,0.172962,0.457896,0.00850626
