Time,Energy,Cost,Load
0.268891,0.179703,0.452385,0.00971906
