Time,Energy,Cost,Load
0.272205,0.172962,0.468218,0.00391791
