Time,Energy,Cost,Load
0.272426,0.185734,0.470091,0.00314604
