Time,Energy,Cost,Load
0.272426,0.185734,0.470935,0.00310521
