Time,Energy,Cost,Load
0.272205,0.172962,0.461284,0.00586685
