Time,Energy,Cost,Load
0.272205,0.172962,0.458496,0.00724038
