Time,Energy,Cost,Load
0.272205,0.172962,0.457408,0.00800882
