Time,Energy,Cost,Load
0.272205,0.172962,0.457327,0.00866218
