Time,Energy,Cost,Load
0.268891,0.179703,0.452919,0.00915479
