Time,Energy,Cost,Load
0.272205,0.172962,0.458133,0.00791601
