Time,Energy,Cost,Load
0.272205,0.172962,0.462994,0.0047012
