Time,Energy,Cost,Load
0.272205,0.172962,0.455988,0.0120515
