Time,Energy,Cost,Load
0.272205,0.172962,0.464514,0.00353184
