Time,Energy,Cost,Load
0.27331,0.174946,0.459445,0.00635687
