Time,Energy,Cost,Load
0.273531,0.172776,0.46024,0.0111587
