Time,Energy,Cost,Load
0.273531,0.172776,0.46568,0.00409053
