Time,Energy,Cost,Load
0.273531,0.172776,0.461678,0.0104793
