Time,Energy,Cost,Load
0.273531,0.172776,0.466142,0.00400515
