Time,Energy,Cost,Load
0.273531,0.172776,0.46487,0.00677821
