Time,Energy,Cost,Load
0.268891,0.179703,0.453641,0.00889122
