Time,Energy,Cost,Load
0.273531,0.172776,0.46341,0.00814803
