Time,Energy,Cost,Load
0.273531,0.172776,0.460872,0.0101712
