Time,Energy,Cost,Load
0.273531,0.172776,0.462709,0.00818886
