Time,Energy,Cost,Load
0.273531,0.172776,0.466981,0.00370817
