Time,Energy,Cost,Load
0.274856,0.177724,0.460853,0.00551047
