Time,Energy,Cost,Load
0.273973,0.172805,0.463328,0.00815545
