Time,Energy,Cost,Load
0.268891,0.179703,0.454279,0.00748799
