Time,Energy,Cost,Load
0.274856,0.177724,0.462255,0.0044896
