Time,Energy,Cost,Load
0.274856,0.177724,0.468334,0.00332395
