Time,Energy,Cost,Load
0.273752,0.17296,0.460563,0.0105833
