Time,Energy,Cost,Load
0.273531,0.172776,0.467311,0.00370075
