Time,Energy,Cost,Load
0.273531,0.172776,0.464061,0.00757634
