Time,Energy,Cost,Load
0.273531,0.172776,0.463674,0.00577961
