Time,Energy,Cost,Load
0.273752,0.174805,0.460979,0.00493507
