Time,Energy,Cost,Load
0.274856,0.177724,0.462402,0.00403299
