Time,Energy,Cost,Load
0.274856,0.177724,0.463308,0.00381768
