Time,Energy,Cost,Load
0.275077,0.177732,0.462103,0.00435967
