Time,Energy,Cost,Load
0.274856,0.177724,0.459368,0.0065499
