Time,Energy,Cost,Load
0.276182,0.177538,0.467007,0.00332952
