Time,Energy,Cost,Load
0.268891,0.179703,0.455107,0.00720957
