Time,Energy,Cost,Load
0.274856,0.177724,0.4602,0.00571836
