Time,Energy,Cost,Load
0.276182,0.177538,0.469405,0.00244601
