Time,Energy,Cost,Load
0.274856,0.177724,0.459896,0.00610072
