Time,Energy,Cost,Load
0.274856,0.177724,0.461206,0.00486825
