Time,Energy,Cost,Load
0.275077,0.172879,0.458265,0.0145665
