Time,Energy,Cost,Load
0.255314,0.260489,0.325789,0.406698
