Time,Energy,Cost,Load
0.260859,0.263015,0.337992,0.405017
