Time,Energy,Cost,Load
0.26884,0.384992,0.343474,0.404522
