Time,Energy,Cost,Load
0.255902,0.24557,0.322514,0.407925
