Time,Energy,Cost,Load
0.25523,0.245467,0.327367,0.406148
