Time,Energy,Cost,Load
0.255566,0.260527,0.327598,0.405983
