Time,Energy,Cost,Load
0.25565,0.245622,0.323921,0.407167
