Time,Energy,Cost,Load
0.255314,0.245476,0.324336,0.407128
