Time,Energy,Cost,Load
0.255566,0.245781,0.322511,0.40813
