Time,Energy,Cost,Load
0.268084,0.383871,0.345035,0.404811
