Time,Energy,Cost,Load
0.25565,0.260539,0.327301,0.406231
