Time,Energy,Cost,Load
0.25523,0.245467,0.324595,0.40704
