Time,Energy,Cost,Load
0.25523,0.260488,0.334137,0.405725
