Time,Energy,Cost,Load
0.255314,0.245479,0.326286,0.406624
