Time,Energy,Cost,Load
0.25817,0.262605,0.325566,0.406601
