Time,Energy,Cost,Load
0.258674,0.263269,0.327291,0.406022
