Time,Energy,Cost,Load
0.26884,0.384992,0.344151,0.404352
