Time,Energy,Cost,Load
0.255566,0.260516,0.323167,0.407551
