Time,Energy,Cost,Load
0.256658,0.246127,0.32568,0.406319
