Time,Energy,Cost,Load
0.255482,0.261178,0.325741,0.406495
