Time,Energy,Cost,Load
0.25523,0.245467,0.32288,0.407971
