Time,Energy,Cost,Load
0.255566,0.266196,0.327072,0.406276
