Time,Energy,Cost,Load
0.255398,0.245518,0.324474,0.407078
