Time,Energy,Cost,Load
0.255398,0.245536,0.325933,0.406607
