Time,Energy,Cost,Load
0.255314,0.245498,0.327527,0.406117
