Time,Energy,Cost,Load
0.255482,0.245519,0.323947,0.407306
