Time,Energy,Cost,Load
0.256154,0.266325,0.326977,0.406263
