Time,Energy,Cost,Load
0.263211,0.263255,0.335988,0.404933
