Time,Energy,Cost,Load
0.255398,0.260518,0.325653,0.406715
