Time,Energy,Cost,Load
0.255314,0.245468,0.324252,0.407165
