Time,Energy,Cost,Load
0.255566,0.251163,0.327113,0.406289
