Time,Energy,Cost,Load
0.255314,0.245479,0.325337,0.406822
