Time,Energy,Cost,Load
0.25565,0.260641,0.320979,0.409429
