Time,Energy,Cost,Load
0.25565,0.245622,0.324119,0.407077
