Time,Energy,Cost,Load
0.255818,0.266245,0.32698,0.406167
