Time,Energy,Cost,Load
0.259682,0.276685,0.335476,0.405239
