Time,Energy,Cost,Load
0.255398,0.245545,0.32275,0.407947
