Time,Energy,Cost,Load
0.25523,0.245467,0.32419,0.407297
