Time,Energy,Cost,Load
0.25649,0.261136,0.327994,0.405666
