Time,Energy,Cost,Load
0.255734,0.24576,0.327192,0.406153
