Time,Energy,Cost,Load
0.255314,0.245479,0.324078,0.407367
