Time,Energy,Cost,Load
0.255818,0.260739,0.324109,0.407074
