Time,Energy,Cost,Load
0.255566,0.245488,0.322807,0.407736
