Time,Energy,Cost,Load
0.255398,0.245579,0.323758,0.40744
