Time,Energy,Cost,Load
0.25565,0.26053,0.321674,0.408414
