Time,Energy,Cost,Load
0.255314,0.245479,0.328635,0.40605
