Time,Energy,Cost,Load
0.256658,0.246071,0.332799,0.405485
