Time,Energy,Cost,Load
0.255482,0.245473,0.322556,0.40831
