Time,Energy,Cost,Load
0.25523,0.245467,0.323246,0.407668
