Time,Energy,Cost,Load
0.25523,0.245467,0.326416,0.406588
