Time,Energy,Cost,Load
0.255314,0.26059,0.324032,0.407258
