Time,Energy,Cost,Load
0.259514,0.261751,0.33681,0.405264
