Time,Energy,Cost,Load
0.25523,0.245467,0.326276,0.406889
