Time,Energy,Cost,Load
0.25523,0.245467,0.322733,0.408404
