Time,Energy,Cost,Load
0.255314,0.260554,0.328085,0.40597
