Time,Energy,Cost,Load
0.25607,0.267262,0.323129,0.407641
