Time,Energy,Cost,Load
0.255314,0.245499,0.323415,0.407467
