Time,Energy,Cost,Load
0.255314,0.260496,0.322716,0.408076
