Time,Energy,Cost,Load
0.255566,0.245545,0.322113,0.40829
