Time,Energy,Cost,Load
0.25565,0.25117,0.32369,0.407392
