Time,Energy,Cost,Load
0.255566,0.245525,0.327597,0.406024
