Time,Energy,Cost,Load
0.25565,0.260569,0.328594,0.405745
