Time,Energy,Cost,Load
0.259682,0.261781,0.335488,0.405237
