Time,Energy,Cost,Load
0.255566,0.245498,0.324369,0.406991
