Time,Energy,Cost,Load
0.255482,0.260529,0.325051,0.406882
