Time,Energy,Cost,Load
0.256322,0.245573,0.326633,0.406229
