Time,Energy,Cost,Load
0.25565,0.251236,0.321796,0.408544
