Time,Energy,Cost,Load
0.255818,0.251179,0.326476,0.406308
