Time,Energy,Cost,Load
0.25523,0.245467,0.324488,0.407152
