Time,Energy,Cost,Load
0.255314,0.245512,0.323398,0.407626
