Time,Energy,Cost,Load
0.259514,0.276655,0.337973,0.404924
