Time,Energy,Cost,Load
0.25607,0.246149,0.325618,0.40673
