Time,Energy,Cost,Load
0.255314,0.260489,0.324394,0.407086
