Time,Energy,Cost,Load
0.267664,0.363047,0.346154,0.40406
