Time,Energy,Cost,Load
0.255314,0.245476,0.323107,0.407915
