Time,Energy,Cost,Load
0.25565,0.266298,0.321599,0.408761
