Time,Energy,Cost,Load
0.255734,0.260608,0.321504,0.409166
