Time,Energy,Cost,Load
0.257246,0.266386,0.331081,0.4053
