Time,Energy,Cost,Load
0.257414,0.251477,0.329594,0.40574
