Time,Energy,Cost,Load
0.255482,0.260518,0.324327,0.40706
