Time,Energy,Cost,Load
0.268504,0.371196,0.34513,0.404491
