Time,Energy,Cost,Load
0.255398,0.260511,0.327346,0.406263
