Time,Energy,Cost,Load
0.257666,0.262207,0.325351,0.406742
