Time,Energy,Cost,Load
0.255566,0.261073,0.324052,0.407174
