Time,Energy,Cost,Load
0.255482,0.260539,0.328102,0.406097
