Time,Energy,Cost,Load
0.255398,0.245529,0.322412,0.40825
