Time,Energy,Cost,Load
0.25523,0.245467,0.32619,0.406856
