Time,Energy,Cost,Load
0.256238,0.2456,0.322113,0.408547
