Time,Energy,Cost,Load
0.255482,0.260603,0.321709,0.408671
