Time,Energy,Cost,Load
0.255314,0.2605,0.325885,0.406685
