Time,Energy,Cost,Load
0.255314,0.260496,0.324918,0.407036
