Time,Energy,Cost,Load
0.259682,0.276716,0.337619,0.404883
