Time,Energy,Cost,Load
0.255566,0.261073,0.324207,0.407042
