Time,Energy,Cost,Load
0.255482,0.260509,0.323735,0.407364
