Time,Energy,Cost,Load
0.255398,0.2605,0.323031,0.407784
