Time,Energy,Cost,Load
0.255314,0.260489,0.330371,0.405738
