Time,Energy,Cost,Load
0.255818,0.245588,0.322408,0.408078
