Time,Energy,Cost,Load
0.255482,0.260509,0.32383,0.407279
