Time,Energy,Cost,Load
0.256406,0.251791,0.325661,0.406695
