Time,Energy,Cost,Load
0.255566,0.245674,0.322044,0.408844
