Time,Energy,Cost,Load
0.262119,0.262497,0.335417,0.405467
