Time,Energy,Cost,Load
0.255566,0.260653,0.322562,0.407999
