Time,Energy,Cost,Load
0.255482,0.260509,0.32387,0.407277
