Time,Energy,Cost,Load
0.258086,0.267209,0.325405,0.406682
