Time,Energy,Cost,Load
0.255818,0.245536,0.32324,0.407699
