Time,Energy,Cost,Load
0.255398,0.245468,0.323001,0.407791
