Time,Energy,Cost,Load
0.261783,0.283462,0.339239,0.404833
