Time,Energy,Cost,Load
0.255398,0.245475,0.323441,0.407545
