Time,Energy,Cost,Load
0.255314,0.260631,0.325245,0.406919
