Time,Energy,Cost,Load
0.255566,0.260519,0.323622,0.407466
