Time,Energy,Cost,Load
0.25523,0.245467,0.322735,0.40815
