Time,Energy,Cost,Load
0.25901,0.266761,0.323673,0.407452
