Time,Energy,Cost,Load
0.255314,0.245476,0.3222,0.408329
