Time,Energy,Cost,Load
0.255482,0.260509,0.328198,0.405956
