Time,Energy,Cost,Load
0.255314,0.260537,0.330232,0.405627
