Time,Energy,Cost,Load
0.25649,0.266956,0.325201,0.406854
