Time,Energy,Cost,Load
0.25523,0.260488,0.323551,0.407505
