Time,Energy,Cost,Load
0.255566,0.245546,0.323109,0.407728
