Time,Energy,Cost,Load
0.255566,0.245491,0.323744,0.407438
