Time,Energy,Cost,Load
0.256574,0.260753,0.322169,0.408241
