Time,Energy,Cost,Load
0.255398,0.245468,0.3247,0.406897
