Time,Energy,Cost,Load
0.256238,0.245758,0.322661,0.407811
