Time,Energy,Cost,Load
0.255566,0.245548,0.325299,0.406759
