Time,Energy,Cost,Load
0.256826,0.266395,0.324818,0.406876
