Time,Energy,Cost,Load
0.255314,0.260496,0.325779,0.406696
