Time,Energy,Cost,Load
0.255398,0.245514,0.321724,0.409047
