Time,Energy,Cost,Load
0.255734,0.251307,0.324477,0.406948
