Time,Energy,Cost,Load
0.25523,0.245467,0.323528,0.407514
