Time,Energy,Cost,Load
0.255482,0.260535,0.322977,0.407936
