Time,Energy,Cost,Load
0.25901,0.251687,0.323855,0.407254
