Time,Energy,Cost,Load
0.25523,0.245467,0.323512,0.407564
