Time,Energy,Cost,Load
0.25565,0.26055,0.326789,0.406324
