Time,Energy,Cost,Load
0.257162,0.260706,0.325033,0.406795
