Time,Energy,Cost,Load
0.257246,0.251536,0.32196,0.408397
