Time,Energy,Cost,Load
0.255482,0.260542,0.32266,0.407976
