Time,Energy,Cost,Load
0.255398,0.260526,0.328764,0.405804
