Time,Energy,Cost,Load
0.257246,0.266568,0.320974,0.409191
