Time,Energy,Cost,Load
0.255314,0.245476,0.325463,0.406774
