Time,Energy,Cost,Load
0.255314,0.245476,0.325921,0.406742
