Time,Energy,Cost,Load
0.255398,0.245529,0.324188,0.407269
