Time,Energy,Cost,Load
0.255398,0.245468,0.324016,0.407382
