Time,Energy,Cost,Load
0.255482,0.260642,0.323346,0.407634
