Time,Energy,Cost,Load
0.255734,0.260707,0.32383,0.407207
