Time,Energy,Cost,Load
0.255314,0.245485,0.322182,0.408687
