Time,Energy,Cost,Load
0.255314,0.260496,0.321826,0.408958
