Time,Energy,Cost,Load
0.255482,0.245497,0.324035,0.407266
