Time,Energy,Cost,Load
0.255482,0.24548,0.325724,0.406497
