Time,Energy,Cost,Load
0.255902,0.245492,0.322574,0.408239
