Time,Energy,Cost,Load
0.255734,0.266214,0.322761,0.407899
