Time,Energy,Cost,Load
0.260439,0.263383,0.320813,0.412944
