Time,Energy,Cost,Load
0.255398,0.245468,0.326675,0.406425
