Time,Energy,Cost,Load
0.371457,0.585521,0.480845,0.402457
