Time,Energy,Cost,Load
0.359418,0.580834,0.477658,0.403795
