Time,Energy,Cost,Load
0.358415,0.614106,0.471419,0.402803
