Time,Energy,Cost,Load
0.358415,0.614106,0.471178,0.403033
