Time,Energy,Cost,Load
0.361425,0.61589,0.471537,0.402755
