Time,Energy,Cost,Load
0.362177,0.615039,0.473018,0.402051
