Time,Energy,Cost,Load
0.30474,0.292822,0.387767,0.406566
