Time,Energy,Cost,Load
0.362177,0.615891,0.470047,0.403852
