Time,Energy,Cost,Load
0.359418,0.614498,0.471165,0.403028
