Time,Energy,Cost,Load
0.302985,0.291585,0.386998,0.408126
