Time,Energy,Cost,Load
0.35992,0.580898,0.478014,0.403468
