Time,Energy,Cost,Load
0.358666,0.614491,0.472487,0.402336
