Time,Energy,Cost,Load
0.359418,0.580834,0.47993,0.402743
