Time,Energy,Cost,Load
0.309255,0.292272,0.387067,0.407876
