Time,Energy,Cost,Load
0.358415,0.614106,0.47195,0.402569
