Time,Energy,Cost,Load
0.302734,0.291434,0.387763,0.406569
