Time,Energy,Cost,Load
0.306245,0.292636,0.386715,0.40828
