Time,Energy,Cost,Load
0.315525,0.294836,0.386196,0.408499
