Time,Energy,Cost,Load
0.367695,0.616954,0.469816,0.404125
