Time,Energy,Cost,Load
0.358666,0.614491,0.470249,0.40372
