Time,Energy,Cost,Load
0.302483,0.29118,0.390347,0.405285
