Time,Energy,Cost,Load
0.359418,0.580834,0.477334,0.404013
