Time,Energy,Cost,Load
0.318284,0.297898,0.38685,0.407098
