Time,Energy,Cost,Load
0.30474,0.292281,0.391681,0.40501
