Time,Energy,Cost,Load
0.362177,0.615039,0.472603,0.40223
