Time,Energy,Cost,Load
0.358415,0.614106,0.47106,0.403084
