Time,Energy,Cost,Load
0.366943,0.617768,0.475272,0.402021
