Time,Energy,Cost,Load
0.307499,0.293709,0.386748,0.408008
