Time,Energy,Cost,Load
0.302734,0.291622,0.389475,0.405522
