Time,Energy,Cost,Load
0.380236,0.623178,0.474185,0.401883
