Time,Energy,Cost,Load
0.360171,0.581241,0.476987,0.404286
