Time,Energy,Cost,Load
0.365187,0.581362,0.476823,0.40455
