Time,Energy,Cost,Load
0.35992,0.614572,0.474539,0.40203
