Time,Energy,Cost,Load
0.360672,0.58127,0.476879,0.404741
