Time,Energy,Cost,Load
0.373464,0.622344,0.469188,0.404605
