Time,Energy,Cost,Load
0.307499,0.291509,0.387709,0.406491
