Time,Energy,Cost,Load
0.358415,0.614106,0.47182,0.402685
