Time,Energy,Cost,Load
0.366441,0.582313,0.477845,0.403628
