Time,Energy,Cost,Load
0.302483,0.29143,0.389116,0.405664
