Time,Energy,Cost,Load
0.308001,0.291537,0.387673,0.406514
