Time,Energy,Cost,Load
0.359669,0.581027,0.477019,0.404667
