Time,Energy,Cost,Load
0.307249,0.293376,0.395418,0.404958
