Time,Energy,Cost,Load
0.360171,0.581241,0.477093,0.404452
