Time,Energy,Cost,Load
0.303236,0.291686,0.389499,0.405365
