Time,Energy,Cost,Load
0.359418,0.580834,0.477717,0.403767
