Time,Energy,Cost,Load
0.365187,0.581362,0.47788,0.403607
