Time,Energy,Cost,Load
0.303236,0.291323,0.39128,0.405016
