Time,Energy,Cost,Load
0.360672,0.581305,0.477011,0.404129
