Time,Energy,Cost,Load
0.359669,0.581219,0.480921,0.402633
