Time,Energy,Cost,Load
0.302483,0.291237,0.387429,0.406638
