Time,Energy,Cost,Load
0.358916,0.614713,0.471125,0.402991
