Time,Energy,Cost,Load
0.35992,0.580898,0.477417,0.4038
