Time,Energy,Cost,Load
0.359418,0.580834,0.477314,0.404345
