Time,Energy,Cost,Load
0.302483,0.291237,0.387197,0.407226
