Time,Energy,Cost,Load
0.358415,0.614106,0.472276,0.402509
