Time,Energy,Cost,Load
0.303486,0.29178,0.389088,0.405727
