Time,Energy,Cost,Load
0.35992,0.580898,0.477681,0.403638
