Time,Energy,Cost,Load
0.359167,0.614362,0.472621,0.402214
