Time,Energy,Cost,Load
0.359167,0.614362,0.472017,0.402384
