Time,Energy,Cost,Load
0.302483,0.29143,0.389102,0.405709
