Time,Energy,Cost,Load
0.302232,0.291045,0.388744,0.405837
