Time,Energy,Cost,Load
0.359418,0.580834,0.477394,0.403957
