Time,Energy,Cost,Load
0.307499,0.291509,0.387638,0.406554
