Time,Energy,Cost,Load
0.361675,0.582625,0.478583,0.403223
