Time,Energy,Cost,Load
0.324555,0.302544,0.387237,0.40694
