Time,Energy,Cost,Load
0.359418,0.580834,0.478072,0.403731
