Time,Energy,Cost,Load
0.302734,0.291108,0.388583,0.405862
