Time,Energy,Cost,Load
0.35992,0.580898,0.48006,0.402511
