Time,Energy,Cost,Load
0.302232,0.291045,0.388171,0.406088
