Time,Energy,Cost,Load
0.303486,0.291583,0.390605,0.405234
