Time,Energy,Cost,Load
0.309255,0.294235,0.388446,0.406036
