Time,Energy,Cost,Load
0.36619,0.581768,0.479894,0.4028
