Time,Energy,Cost,Load
0.359669,0.581219,0.478527,0.403356
