Time,Energy,Cost,Load
0.304239,0.291761,0.3907,0.405201
