Time,Energy,Cost,Load
0.305994,0.293676,0.391242,0.405149
