Time,Energy,Cost,Load
0.359669,0.581219,0.481502,0.402567
