Time,Energy,Cost,Load
0.360923,0.615827,0.471723,0.402802
