Time,Energy,Cost,Load
0.302734,0.291373,0.389544,0.405499
