Time,Energy,Cost,Load
0.302232,0.291045,0.388465,0.406003
