Time,Energy,Cost,Load
0.302232,0.291045,0.388536,0.40594
