Time,Energy,Cost,Load
0.358916,0.614713,0.469592,0.404722
