Time,Energy,Cost,Load
0.358666,0.614299,0.47276,0.402354
