Time,Energy,Cost,Load
0.302985,0.291627,0.387166,0.407155
