Time,Energy,Cost,Load
0.302985,0.291493,0.388966,0.40573
