Time,Energy,Cost,Load
0.305994,0.293676,0.39059,0.405263
