Time,Energy,Cost,Load
0.322799,0.300141,0.392883,0.404885
