Time,Energy,Cost,Load
0.306496,0.291789,0.387847,0.406384
