Time,Energy,Cost,Load
0.307499,0.291509,0.387697,0.406497
