Time,Energy,Cost,Load
0.361675,0.614975,0.472959,0.402209
