Time,Energy,Cost,Load
0.359418,0.580834,0.47918,0.403029
