Time,Energy,Cost,Load
0.302483,0.291237,0.389463,0.405686
