Time,Energy,Cost,Load
0.358415,0.614106,0.471891,0.402657
