Time,Energy,Cost,Load
0.359167,0.614316,0.473674,0.402171
