Time,Energy,Cost,Load
0.325307,0.299225,0.390823,0.404969
