Time,Energy,Cost,Load
0.359418,0.580834,0.478852,0.403268
