Time,Energy,Cost,Load
0.303737,0.2919,0.388986,0.405606
