Time,Energy,Cost,Load
0.303236,0.291837,0.388926,0.405791
