Time,Energy,Cost,Load
0.302985,0.291255,0.390051,0.405392
