Time,Energy,Cost,Load
0.358415,0.614106,0.472293,0.4025
