Time,Energy,Cost,Load
0.30449,0.291829,0.392144,0.404998
