Time,Energy,Cost,Load
0.359418,0.580834,0.478258,0.403593
