Time,Energy,Cost,Load
0.366441,0.58196,0.479297,0.403021
