Time,Energy,Cost,Load
0.359418,0.580834,0.478932,0.40324
