Time,Energy,Cost,Load
0.307499,0.293709,0.386819,0.407702
