Time,Energy,Cost,Load
0.359418,0.580834,0.478543,0.403296
