Time,Energy,Cost,Load
0.318535,0.297138,0.387083,0.407025
