Time,Energy,Cost,Load
0.302985,0.291255,0.38992,0.405445
