Time,Energy,Cost,Load
0.359418,0.614509,0.473525,0.402213
