Time,Energy,Cost,Load
0.358415,0.614106,0.473156,0.402322
