Time,Energy,Cost,Load
0.358415,0.614106,0.470181,0.403792
