Time,Energy,Cost,Load
0.302232,0.291045,0.38723,0.407328
