Time,Energy,Cost,Load
0.36293,0.582264,0.478413,0.403446
