Time,Energy,Cost,Load
0.378229,0.62387,0.471583,0.402652
