Time,Energy,Cost,Load
0.358415,0.614106,0.470777,0.403213
