Time,Energy,Cost,Load
0.358415,0.614106,0.470848,0.40315
