Time,Energy,Cost,Load
0.358415,0.614106,0.47137,0.402913
