Time,Energy,Cost,Load
0.374467,0.617887,0.469712,0.40401
