Time,Energy,Cost,Load
0.362428,0.582835,0.47981,0.402825
