Time,Energy,Cost,Load
0.358415,0.614106,0.47011,0.403883
