Time,Energy,Cost,Load
0.360171,0.581241,0.478772,0.403195
