Time,Energy,Cost,Load
0.364936,0.583794,0.48112,0.402345
