Time,Energy,Cost,Load
0.303236,0.291686,0.389566,0.405328
