Time,Energy,Cost,Load
0.359418,0.580834,0.478232,0.403667
