Time,Energy,Cost,Load
0.302734,0.291259,0.391946,0.405088
