Time,Energy,Cost,Load
0.361675,0.616083,0.471207,0.402789
