Time,Energy,Cost,Load
0.302985,0.291493,0.389193,0.405464
