Time,Energy,Cost,Load
0.302232,0.291045,0.388149,0.40638
