Time,Energy,Cost,Load
0.362428,0.615989,0.473406,0.402037
