Time,Energy,Cost,Load
0.361675,0.616083,0.47115,0.40284
