Time,Energy,Cost,Load
0.302232,0.291045,0.388209,0.406239
