Time,Energy,Cost,Load
0.302232,0.291045,0.391235,0.405235
