Time,Energy,Cost,Load
0.302483,0.291237,0.387415,0.406881
