Time,Energy,Cost,Load
0.308001,0.291537,0.387602,0.40661
