Time,Energy,Cost,Load
0.302734,0.291622,0.389493,0.405514
