Time,Energy,Cost,Load
0.311763,0.294882,0.392949,0.40488
