Time,Energy,Cost,Load
0.302483,0.29143,0.389134,0.40565
