Time,Energy,Cost,Load
0.359418,0.580834,0.478152,0.403712
