Time,Energy,Cost,Load
0.309004,0.292449,0.387558,0.406633
