Time,Energy,Cost,Load
0.364685,0.584809,0.479788,0.402754
