Time,Energy,Cost,Load
0.307249,0.292758,0.395372,0.404961
