Time,Energy,Cost,Load
0.359669,0.61438,0.473231,0.402198
