Time,Energy,Cost,Load
0.303236,0.291686,0.389552,0.40534
