Time,Energy,Cost,Load
0.306747,0.293302,0.386856,0.407684
