Time,Energy,Cost,Load
0.359418,0.580834,0.479073,0.403137
