Time,Energy,Cost,Load
0.360923,0.615827,0.47178,0.4027
