Time,Energy,Cost,Load
0.359167,0.614316,0.472298,0.402478
