Time,Energy,Cost,Load
0.359418,0.580834,0.480001,0.402681
