Time,Energy,Cost,Load
0.359669,0.581027,0.479333,0.402964
