Time,Energy,Cost,Load
0.325307,0.299225,0.390468,0.405025
