Time,Energy,Cost,Load
0.366943,0.582024,0.479356,0.402867
