Time,Energy,Cost,Load
0.358415,0.614106,0.471382,0.402892
