Time,Energy,Cost,Load
0.302232,0.268567,0.387629,0.406581
