Time,Energy,Cost,Load
0.30449,0.269034,0.385881,0.4094
