Time,Energy,Cost,Load
0.305242,0.292786,0.391422,0.405175
