Time,Energy,Cost,Load
0.30474,0.269227,0.385337,0.410003
