Time,Energy,Cost,Load
0.30474,0.269227,0.386734,0.407431
