Time,Energy,Cost,Load
0.303988,0.269186,0.387475,0.406911
