Time,Energy,Cost,Load
0.303486,0.269614,0.390337,0.405542
