Time,Energy,Cost,Load
0.30474,0.269227,0.386112,0.408858
