Time,Energy,Cost,Load
0.303737,0.269409,0.387127,0.407294
