Time,Energy,Cost,Load
0.30449,0.291764,0.392483,0.405033
