Time,Energy,Cost,Load
0.30474,0.269227,0.385675,0.409078
