Time,Energy,Cost,Load
0.306747,0.292644,0.386194,0.4078
