Time,Energy,Cost,Load
0.306998,0.270856,0.38773,0.406476
