Time,Energy,Cost,Load
0.306998,0.27072,0.384454,0.411939
