Time,Energy,Cost,Load
0.305744,0.26977,0.384839,0.410318
