Time,Energy,Cost,Load
0.305744,0.292102,0.385231,0.41021
