Time,Energy,Cost,Load
0.305994,0.270178,0.384763,0.412021
