Time,Energy,Cost,Load
0.306747,0.270167,0.384566,0.41103
