Time,Energy,Cost,Load
0.305994,0.270178,0.385266,0.410048
