Time,Energy,Cost,Load
0.306998,0.27072,0.384276,0.412285
