Time,Energy,Cost,Load
0.307249,0.270196,0.384744,0.410662
