Time,Energy,Cost,Load
0.307249,0.270196,0.384531,0.411126
