Time,Energy,Cost,Load
0.307499,0.27111,0.384691,0.41052
