Time,Energy,Cost,Load
0.308001,0.271118,0.384187,0.412641
