Time,Energy,Cost,Load
0.308001,0.271118,0.384483,0.411254
