Time,Energy,Cost,Load
0.308503,0.271147,0.383974,0.413298
