Time,Energy,Cost,Load
0.308001,0.293595,0.384063,0.413051
