Time,Energy,Cost,Load
0.306998,0.293198,0.38561,0.409126
