Time,Energy,Cost,Load
0.306998,0.293198,0.384454,0.411618
