Time,Energy,Cost,Load
0.307499,0.27111,0.385373,0.409588
