Time,Energy,Cost,Load
0.311763,0.273009,0.383601,0.412717
