Time,Energy,Cost,Load
0.308503,0.271147,0.384033,0.413175
