Time,Energy,Cost,Load
0.309255,0.281038,0.390246,0.405384
