Time,Energy,Cost,Load
0.309255,0.271323,0.385973,0.408307
