Time,Energy,Cost,Load
0.310008,0.277068,0.389444,0.405511
