Time,Energy,Cost,Load
0.309506,0.27134,0.385057,0.409627
