Time,Energy,Cost,Load
0.309506,0.294138,0.385187,0.409356
