Time,Energy,Cost,Load
0.310008,0.277068,0.389071,0.405673
