Time,Energy,Cost,Load
0.308753,0.29341,0.385893,0.408388
