Time,Energy,Cost,Load
0.310008,0.294146,0.38495,0.409785
