Time,Energy,Cost,Load
0.314271,0.295874,0.390049,0.405244
