Time,Energy,Cost,Load
0.358415,0.593544,0.469722,0.404606
