Time,Energy,Cost,Load
0.314773,0.273425,0.390085,0.405237
