Time,Energy,Cost,Load
0.311763,0.273009,0.384198,0.41174
