Time,Energy,Cost,Load
0.312014,0.27128,0.386211,0.408161
