Time,Energy,Cost,Load
0.311763,0.295486,0.384304,0.411485
