Time,Energy,Cost,Load
0.313017,0.305109,0.387465,0.40685
