Time,Energy,Cost,Load
0.312766,0.300347,0.389564,0.405451
