Time,Energy,Cost,Load
0.360421,0.59491,0.475244,0.402085
