Time,Energy,Cost,Load
0.35992,0.560277,0.481849,0.402463
