Time,Energy,Cost,Load
0.302734,0.269145,0.392665,0.405084
