Time,Energy,Cost,Load
0.360672,0.614573,0.469716,0.404204
