Time,Energy,Cost,Load
0.358666,0.593736,0.473402,0.402488
