Time,Energy,Cost,Load
0.360672,0.59401,0.468987,0.404931
