Time,Energy,Cost,Load
0.361425,0.616416,0.470048,0.403986
