Time,Energy,Cost,Load
0.359418,0.559887,0.477538,0.40387
