Time,Energy,Cost,Load
0.361174,0.595403,0.475023,0.401978
