Time,Energy,Cost,Load
0.359418,0.580834,0.478936,0.403323
