Time,Energy,Cost,Load
0.362679,0.598988,0.472986,0.402421
