Time,Energy,Cost,Load
0.36318,0.604224,0.472974,0.40227
