Time,Energy,Cost,Load
0.363682,0.618073,0.473598,0.402139
