Time,Energy,Cost,Load
0.362679,0.561944,0.478395,0.40339
