Time,Energy,Cost,Load
0.362679,0.614851,0.471242,0.403048
