Time,Energy,Cost,Load
0.361675,0.560354,0.477358,0.403972
