Time,Energy,Cost,Load
0.303236,0.269286,0.386439,0.408495
