Time,Energy,Cost,Load
0.362428,0.560894,0.476605,0.40475
