Time,Energy,Cost,Load
0.36293,0.604081,0.474012,0.402188
