Time,Energy,Cost,Load
0.361675,0.560354,0.47696,0.404364
