Time,Energy,Cost,Load
0.361675,0.581301,0.477768,0.403837
