Time,Energy,Cost,Load
0.364434,0.597467,0.474817,0.402313
