Time,Energy,Cost,Load
0.365438,0.565828,0.477808,0.403717
