Time,Energy,Cost,Load
0.365688,0.602036,0.472213,0.402607
