Time,Energy,Cost,Load
0.367193,0.604678,0.471051,0.403358
