Time,Energy,Cost,Load
0.366441,0.572358,0.48002,0.402855
