Time,Energy,Cost,Load
0.303236,0.291763,0.386486,0.407948
