Time,Energy,Cost,Load
0.364936,0.626207,0.473316,0.402169
