Time,Energy,Cost,Load
0.364184,0.605424,0.472183,0.402733
