Time,Energy,Cost,Load
0.364434,0.620047,0.470786,0.403269
