Time,Energy,Cost,Load
0.365688,0.589392,0.479008,0.403261
