Time,Energy,Cost,Load
0.365688,0.562018,0.477986,0.40372
