Time,Energy,Cost,Load
0.371708,0.564569,0.479337,0.402922
