Time,Energy,Cost,Load
0.369702,0.597754,0.471018,0.403192
