Time,Energy,Cost,Load
0.370705,0.564097,0.478005,0.403702
