Time,Energy,Cost,Load
0.303486,0.269167,0.388411,0.406157
