Time,Energy,Cost,Load
0.367695,0.598594,0.470482,0.403531
