Time,Energy,Cost,Load
0.367444,0.573735,0.48051,0.402625
