Time,Energy,Cost,Load
0.369952,0.569189,0.479278,0.403083
