Time,Energy,Cost,Load
0.269112,0.179712,0.451513,0.0121803
