Time,Energy,Cost,Load
0.269112,0.180135,0.45547,0.00633348
