Time,Energy,Cost,Load
0.268891,0.179703,0.449071,0.0157775
