Time,Energy,Cost,Load
0.268891,0.179703,0.454944,0.00806339
