Time,Energy,Cost,Load
0.269112,0.179712,0.450647,0.0155065
