Time,Energy,Cost,Load
0.268891,0.179703,0.453448,0.0185691
