Time,Energy,Cost,Load
0.269112,0.179888,0.454655,0.00758451
