Time,Energy,Cost,Load
0.274856,0.173932,0.456406,0.0112311
