Time,Energy,Cost,Load
0.269554,0.180052,0.463966,0.00435856
