Time,Energy,Cost,Load
0.269554,0.180164,0.455151,0.00667872
