Time,Energy,Cost,Load
0.268891,0.179703,0.459896,0.00560588
