Time,Energy,Cost,Load
0.269554,0.180267,0.459053,0.00495623
