Time,Energy,Cost,Load
0.269554,0.179916,0.452426,0.00931813
