Time,Energy,Cost,Load
0.269554,0.179875,0.448681,0.0189403
