Time,Energy,Cost,Load
0.269333,0.179732,0.453877,0.00960026
