Time,Energy,Cost,Load
0.269333,0.179732,0.449464,0.0149088
