Time,Energy,Cost,Load
0.269554,0.179799,0.452669,0.010016
