Time,Energy,Cost,Load
0.269333,0.179732,0.455508,0.00737662
