Time,Energy,Cost,Load
0.269554,0.179875,0.448237,0.0204326
