Time,Energy,Cost,Load
0.270217,0.180366,0.450204,0.0128151
