Time,Energy,Cost,Load
0.269996,0.181687,0.456753,0.00602165
