Time,Energy,Cost,Load
0.270437,0.18062,0.461481,0.00457016
