Time,Energy,Cost,Load
0.270217,0.180489,0.453674,0.00839749
