Time,Energy,Cost,Load
0.269996,0.179863,0.44762,0.0268957
