Time,Energy,Cost,Load
0.270437,0.180497,0.454778,0.00735435
