Time,Energy,Cost,Load
0.268891,0.179703,0.45104,0.0139547
