Time,Energy,Cost,Load
0.270437,0.18062,0.460574,0.00487456
