Time,Energy,Cost,Load
0.269775,0.179733,0.452118,0.0100012
