Time,Energy,Cost,Load
0.269775,0.179733,0.452326,0.00973391
