Time,Energy,Cost,Load
0.269775,0.180019,0.45431,0.00743602
