Time,Energy,Cost,Load
0.2711,0.18097,0.462768,0.00406158
