Time,Energy,Cost,Load
0.271321,0.182299,0.45684,0.00553906
