Time,Energy,Cost,Load
0.272205,0.172962,0.470755,0.00698424
