Time,Energy,Cost,Load
0.270658,0.179991,0.457232,0.00570611
