Time,Energy,Cost,Load
0.270437,0.181716,0.453605,0.00877986
