Time,Energy,Cost,Load
0.270879,0.180894,0.458842,0.00438083
