Time,Energy,Cost,Load
0.272205,0.172962,0.456196,0.012471
