Time,Energy,Cost,Load
0.272205,0.172962,0.457951,0.00910394
