Time,Energy,Cost,Load
0.270879,0.180894,0.45895,0.00420264
