Time,Energy,Cost,Load
0.268891,0.179703,0.45308,0.0131269
