Time,Energy,Cost,Load
0.270658,0.181052,0.457442,0.00519753
