Time,Energy,Cost,Load
0.272205,0.172962,0.472586,0.00183905
