Time,Energy,Cost,Load
0.272205,0.172962,0.456193,0.0151364
