Time,Energy,Cost,Load
0.272205,0.172962,0.46918,0.00214346
