Time,Energy,Cost,Load
0.272205,0.172962,0.476719,0.00114115
