Time,Energy,Cost,Load
0.272205,0.172962,0.471576,0.00246642
