Time,Energy,Cost,Load
0.272205,0.172962,0.467978,0.0027931
