Time,Energy,Cost,Load
0.268891,0.179703,0.453393,0.0126258
