Time,Energy,Cost,Load
0.272205,0.172962,0.475767,0.00151237
