Time,Energy,Cost,Load
0.272205,0.172962,0.466537,0.00327198
