Time,Energy,Cost,Load
0.272205,0.172962,0.47271,0.00158662
