Time,Energy,Cost,Load
0.272426,0.173038,0.469802,0.00168685
