Time,Energy,Cost,Load
0.272868,0.173126,0.467444,0.00267802
