Time,Energy,Cost,Load
0.272647,0.173049,0.463964,0.00402186
