Time,Energy,Cost,Load
0.272868,0.173058,0.456623,0.0101062
