Time,Energy,Cost,Load
0.272647,0.173022,0.460544,0.00627148
