Time,Energy,Cost,Load
0.268891,0.179703,0.449743,0.0177709
