Time,Energy,Cost,Load
0.272868,0.173067,0.455446,0.0184662
