Time,Energy,Cost,Load
0.272647,0.17299,0.459744,0.00670211
