Time,Energy,Cost,Load
0.272647,0.173367,0.457943,0.00746312
