Time,Energy,Cost,Load
0.272647,0.173049,0.463146,0.00440422
