Time,Energy,Cost,Load
0.272426,0.173038,0.464128,0.00478658
