Time,Energy,Cost,Load
0.273531,0.172776,0.465677,0.00575363
