Time,Energy,Cost,Load
0.27331,0.173518,0.464369,0.00384367
