Time,Energy,Cost,Load
0.273089,0.173075,0.454909,0.0192013
