Time,Energy,Cost,Load
0.273089,0.173321,0.462386,0.00455642
