Time,Energy,Cost,Load
0.272868,0.173423,0.456854,0.00885893
