Time,Energy,Cost,Load
0.273531,0.172776,0.470104,0.00262419
