Time,Energy,Cost,Load
0.273531,0.172776,0.462369,0.0133006
