Time,Energy,Cost,Load
0.273531,0.172776,0.468672,0.00396432
