Time,Energy,Cost,Load
0.273089,0.173021,0.464149,0.00405898
