Time,Energy,Cost,Load
0.27331,0.173518,0.455939,0.0119178
