Time,Energy,Cost,Load
0.268891,0.179703,0.455631,0.00824158
