Time,Energy,Cost,Load
0.273531,0.172776,0.473877,0.00256851
