Time,Energy,Cost,Load
0.273531,0.173747,0.460292,0.00586685
