Time,Energy,Cost,Load
0.273531,0.17478,0.464213,0.0036395
