Time,Energy,Cost,Load
0.273973,0.172822,0.467084,0.00356339
