Time,Energy,Cost,Load
0.273531,0.172776,0.46795,0.00463252
