Time,Energy,Cost,Load
0.273752,0.172784,0.467662,0.0030511
