Time,Energy,Cost,Load
0.273752,0.172784,0.46595,0.00418334
