Time,Energy,Cost,Load
0.273752,0.174857,0.461238,0.0054288
