Time,Energy,Cost,Load
0.273752,0.172813,0.473558,0.0018372
