Time,Energy,Cost,Load
0.273752,0.172784,0.464877,0.00590583
