Time,Energy,Cost,Load
0.273973,0.173835,0.459234,0.00720697
