Time,Energy,Cost,Load
0.274414,0.172892,0.462162,0.0113257
