Time,Energy,Cost,Load
0.274635,0.172882,0.464796,0.00466965
