Time,Energy,Cost,Load
0.273973,0.175042,0.457395,0.00809049
