Time,Energy,Cost,Load
0.274194,0.174266,0.461172,0.00505386
