Time,Energy,Cost,Load
0.273973,0.175042,0.458487,0.00680976
