Time,Energy,Cost,Load
0.274856,0.173932,0.45814,0.00722553
