Time,Energy,Cost,Load
0.274414,0.173475,0.458609,0.0071847
