Time,Energy,Cost,Load
0.268891,0.179703,0.457508,0.00526435
