Time,Energy,Cost,Load
0.274635,0.172901,0.460636,0.0106649
