Time,Energy,Cost,Load
0.274194,0.172872,0.465298,0.00416478
