Time,Energy,Cost,Load
0.264219,0.367189,0.336969,0.405159
