Time,Energy,Cost,Load
0.25523,0.260488,0.324849,0.406991
