Time,Energy,Cost,Load
0.25523,0.260488,0.325202,0.406841
