Time,Energy,Cost,Load
0.25523,0.260488,0.321445,0.408824
