Time,Energy,Cost,Load
0.255314,0.260554,0.323194,0.407866
