Time,Energy,Cost,Load
0.25523,0.260488,0.324185,0.407169
