Time,Energy,Cost,Load
0.255314,0.260506,0.328862,0.405753
