Time,Energy,Cost,Load
0.255314,0.260554,0.324442,0.407034
