Time,Energy,Cost,Load
0.255314,0.260631,0.323269,0.407829
