Time,Energy,Cost,Load
0.255398,0.2605,0.326223,0.406249
