Time,Energy,Cost,Load
0.255398,0.2605,0.329476,0.405648
