Time,Energy,Cost,Load
0.255398,0.2605,0.325903,0.406268
