Time,Energy,Cost,Load
0.255398,0.260511,0.326467,0.406138
