Time,Energy,Cost,Load
0.255398,0.2605,0.32668,0.4061
