Time,Energy,Cost,Load
0.25523,0.260488,0.323283,0.407726
