Time,Energy,Cost,Load
0.255482,0.260512,0.324752,0.406768
