Time,Energy,Cost,Load
0.255482,0.260543,0.328016,0.405758
