Time,Energy,Cost,Load
0.255482,0.260529,0.32422,0.407029
