Time,Energy,Cost,Load
0.255566,0.260524,0.32217,0.408191
