Time,Energy,Cost,Load
0.25523,0.260488,0.323632,0.407516
