Time,Energy,Cost,Load
0.255482,0.260529,0.324495,0.406995
