Time,Energy,Cost,Load
0.255482,0.260566,0.324488,0.406974
