Time,Energy,Cost,Load
0.255482,0.260509,0.32533,0.406559
