Time,Energy,Cost,Load
0.255482,0.260603,0.3237,0.407242
