Time,Energy,Cost,Load
0.255986,0.260614,0.326224,0.40618
