Time,Energy,Cost,Load
0.255566,0.260538,0.32389,0.407164
