Time,Energy,Cost,Load
0.255566,0.266196,0.327352,0.405964
