Time,Energy,Cost,Load
0.255818,0.26075,0.324742,0.406735
