Time,Energy,Cost,Load
0.25565,0.260636,0.324411,0.406952
