Time,Energy,Cost,Load
0.255566,0.266196,0.324529,0.406917
