Time,Energy,Cost,Load
0.255566,0.260536,0.324201,0.407159
