Time,Energy,Cost,Load
0.255734,0.260561,0.32275,0.407869
