Time,Energy,Cost,Load
0.255818,0.266331,0.324122,0.407161
