Time,Energy,Cost,Load
0.255902,0.260667,0.326731,0.406087
