Time,Energy,Cost,Load
0.25649,0.266693,0.32732,0.406036
