Time,Energy,Cost,Load
0.256574,0.261145,0.324197,0.407075
