Time,Energy,Cost,Load
0.256658,0.261226,0.327556,0.405795
