Time,Energy,Cost,Load
0.257582,0.260892,0.323216,0.407593
