Time,Energy,Cost,Load
0.263211,0.366493,0.336419,0.405262
