Time,Energy,Cost,Load
0.256742,0.260764,0.328877,0.405604
