Time,Energy,Cost,Load
0.259682,0.276667,0.334857,0.405513
