Time,Energy,Cost,Load
0.25649,0.266693,0.326925,0.406077
