Time,Energy,Cost,Load
0.25649,0.261064,0.327867,0.405877
