Time,Energy,Cost,Load
0.264051,0.367118,0.337553,0.405035
