Time,Energy,Cost,Load
0.263211,0.366493,0.336009,0.405471
