Time,Energy,Cost,Load
0.263211,0.366493,0.336016,0.405412
