Time,Energy,Cost,Load
0.263211,0.366493,0.336086,0.405321
