Time,Energy,Cost,Load
0.263463,0.366514,0.336122,0.405299
