Time,Energy,Cost,Load
0.263379,0.366506,0.336054,0.405393
