Time,Energy,Cost,Load
0.263211,0.366493,0.338158,0.404806
