Time,Energy,Cost,Load
0.263463,0.366518,0.336402,0.405256
