Time,Energy,Cost,Load
0.302232,0.291045,0.388929,0.405963
