Time,Energy,Cost,Load
0.302232,0.291045,0.388436,0.405967
