Time,Energy,Cost,Load
0.303236,0.293178,0.389655,0.405463
