Time,Energy,Cost,Load
0.302232,0.291045,0.390417,0.405154
