Time,Energy,Cost,Load
0.307249,0.294819,0.388781,0.405757
