Time,Energy,Cost,Load
0.309255,0.29451,0.38872,0.405828
