Time,Energy,Cost,Load
0.302483,0.29118,0.391921,0.405029
