Time,Energy,Cost,Load
0.309255,0.29451,0.389005,0.405681
