Time,Energy,Cost,Load
0.358415,0.614106,0.471464,0.402817
