Time,Energy,Cost,Load
0.358415,0.614106,0.471198,0.402946
