Time,Energy,Cost,Load
0.358415,0.614106,0.470961,0.403236
