Time,Energy,Cost,Load
0.31076,0.295127,0.386953,0.407342
