Time,Energy,Cost,Load
0.358415,0.614106,0.471021,0.403076
