Time,Energy,Cost,Load
0.358415,0.614106,0.470601,0.403345
