Time,Energy,Cost,Load
0.358415,0.614106,0.471847,0.402642
