Time,Energy,Cost,Load
0.359418,0.580834,0.478412,0.403569
