Time,Energy,Cost,Load
0.359418,0.580834,0.477088,0.404386
