Time,Energy,Cost,Load
0.358415,0.614106,0.471552,0.402778
