Time,Energy,Cost,Load
0.358415,0.614106,0.472513,0.402346
