Time,Energy,Cost,Load
0.359418,0.580834,0.478896,0.40311
