Time,Energy,Cost,Load
0.359418,0.580834,0.479485,0.402878
