Time,Energy,Cost,Load
0.359418,0.580834,0.4795,0.402855
