Time,Energy,Cost,Load
0.359418,0.580834,0.479631,0.402822
