Time,Energy,Cost,Load
0.359418,0.580834,0.479454,0.402901
