Time,Energy,Cost,Load
0.359418,0.580834,0.479668,0.402819
