Time,Energy,Cost,Load
0.360923,0.581622,0.480094,0.402699
