Time,Energy,Cost,Load
0.35992,0.581278,0.480938,0.402557
