Time,Energy,Cost,Load
0.359418,0.580834,0.480183,0.402642
