Time,Energy,Cost,Load
0.35992,0.614894,0.472855,0.402264
