Time,Energy,Cost,Load
0.360923,0.581622,0.479842,0.402774
