Time,Energy,Cost,Load
0.302232,0.291045,0.39041,0.40517
