Time,Energy,Cost,Load
0.302232,0.291045,0.386485,0.408212
