Time,Energy,Cost,Load
0.269112,0.179712,0.450942,0.0105951
