Time,Energy,Cost,Load
0.269112,0.179712,0.452974,0.00816733
