Time,Energy,Cost,Load
0.269112,0.179712,0.453176,0.0080374
