Time,Energy,Cost,Load
0.268891,0.179703,0.453046,0.00842719
