Time,Energy,Cost,Load
0.268891,0.179703,0.450248,0.0134016
