Time,Energy,Cost,Load
0.268891,0.179703,0.455884,0.00580634
