Time,Energy,Cost,Load
0.268891,0.179703,0.449789,0.0214201
