Time,Energy,Cost,Load
0.269112,0.179712,0.453311,0.00792232
