Time,Energy,Cost,Load
0.268891,0.179703,0.452316,0.0108142
