Time,Energy,Cost,Load
0.269112,0.179712,0.453156,0.00798915
