Time,Energy,Cost,Load
0.268891,0.179703,0.451354,0.010662
