Time,Energy,Cost,Load
0.268891,0.179703,0.453661,0.00779611
