Time,Energy,Cost,Load
0.268891,0.179703,0.454205,0.00749542
