Time,Energy,Cost,Load
0.268891,0.179703,0.46481,0.00341193
