Time,Energy,Cost,Load
0.270217,0.180366,0.453273,0.00785922
