Time,Energy,Cost,Load
0.268891,0.179703,0.460398,0.00396877
