Time,Energy,Cost,Load
0.268891,0.179703,0.452474,0.0090954
