Time,Energy,Cost,Load
0.269112,0.179712,0.448771,0.015551
