Time,Energy,Cost,Load
0.269112,0.179712,0.453327,0.00787407
