Time,Energy,Cost,Load
0.269112,0.179712,0.454021,0.00729124
