Time,Energy,Cost,Load
0.269112,0.179712,0.451285,0.0102722
