Time,Energy,Cost,Load
0.268891,0.179703,0.454225,0.00730609
