Time,Energy,Cost,Load
0.269112,0.179712,0.454601,0.00678266
