Time,Energy,Cost,Load
0.268891,0.179703,0.457466,0.00667129
