Time,Energy,Cost,Load
0.268891,0.179703,0.45362,0.00784808
