Time,Energy,Cost,Load
0.268891,0.179703,0.453975,0.00745087
