Time,Energy,Cost,Load
0.268891,0.179703,0.454124,0.00802256
