Time,Energy,Cost,Load
0.268891,0.179703,0.450314,0.0126146
