Time,Energy,Cost,Load
0.268891,0.179703,0.450515,0.011887
