Time,Energy,Cost,Load
0.269112,0.179712,0.452497,0.00878357
