Time,Energy,Cost,Load
0.268891,0.179703,0.454513,0.00683092
