Time,Energy,Cost,Load
0.268891,0.179703,0.453479,0.00962996
