Time,Energy,Cost,Load
0.268891,0.179703,0.456937,0.0056727
