Time,Energy,Cost,Load
0.268891,0.179703,0.455342,0.00631492
