Time,Energy,Cost,Load
0.268891,0.179703,0.451782,0.00987126
