Time,Energy,Cost,Load
0.268891,0.179703,0.453172,0.00822302
