Time,Energy,Cost,Load
0.268891,0.179703,0.459193,0.00486714
