Time,Energy,Cost,Load
0.268891,0.179703,0.453414,0.00831582
