Time,Energy,Cost,Load
0.268891,0.179703,0.453767,0.00758822
