Time,Energy,Cost,Load
0.268891,0.179703,0.455807,0.0058546
