Time,Energy,Cost,Load
0.268891,0.179703,0.464044,0.00369778
