Time,Energy,Cost,Load
0.268891,0.179703,0.453528,0.00780353
