Time,Energy,Cost,Load
0.268891,0.179703,0.454286,0.00778126
