Time,Energy,Cost,Load
0.268891,0.179703,0.452844,0.00876872
