Time,Energy,Cost,Load
0.268891,0.179703,0.453541,0.00811536
