Time,Energy,Cost,Load
0.268891,0.179703,0.45779,0.0050379
