Time,Energy,Cost,Load
0.268891,0.179703,0.455903,0.00640772
