Time,Energy,Cost,Load
0.269112,0.179712,0.451947,0.0094889
