Time,Energy,Cost,Load
0.269112,0.179888,0.461308,0.00365694
