Time,Energy,Cost,Load
0.268891,0.179703,0.459288,0.00481517
