Time,Energy,Cost,Load
0.268891,0.179703,0.457538,0.00660447
