Time,Energy,Cost,Load
0.268891,0.179703,0.455681,0.00591771
