Time,Energy,Cost,Load
0.268891,0.179703,0.454412,0.0070351
