Time,Energy,Cost,Load
0.268891,0.179703,0.457679,0.00659334
