Time,Energy,Cost,Load
0.269112,0.179712,0.453033,0.00808938
