Time,Energy,Cost,Load
0.268891,0.179703,0.454867,0.00657849
