Time,Energy,Cost,Load
0.268891,0.179703,0.452743,0.00913252
