Time,Energy,Cost,Load
0.268891,0.179703,0.453934,0.00856454
