Time,Energy,Cost,Load
0.268891,0.179703,0.452275,0.00929586
