Time,Energy,Cost,Load
0.269554,0.180436,0.452471,0.00865735
