Time,Energy,Cost,Load
0.268891,0.179703,0.451121,0.0114712
