Time,Energy,Cost,Load
0.269112,0.179712,0.45266,0.00867591
