Time,Energy,Cost,Load
0.268891,0.179703,0.460142,0.00439568
