Time,Energy,Cost,Load
0.269112,0.179712,0.453195,0.00799657
