Time,Energy,Cost,Load
0.268891,0.179703,0.454818,0.00668614
