Time,Energy,Cost,Load
0.268891,0.179703,0.454681,0.00748057
