Time,Energy,Cost,Load
0.268891,0.179703,0.456953,0.00559845
