Time,Energy,Cost,Load
0.268891,0.179703,0.461157,0.0037052
