Time,Energy,Cost,Load
0.268891,0.179703,0.449141,0.0167278
