Time,Energy,Cost,Load
0.268891,0.179703,0.457194,0.00539057
