Time,Energy,Cost,Load
0.269112,0.179712,0.453001,0.00814506
