Time,Energy,Cost,Load
0.269112,0.179712,0.453837,0.0073989
