Time,Energy,Cost,Load
0.269112,0.179712,0.452171,0.00922533
