Time,Energy,Cost,Load
0.268891,0.179703,0.44981,0.0145376
