Time,Energy,Cost,Load
0.268891,0.179703,0.453728,0.00766247
