Time,Energy,Cost,Load
0.268891,0.179703,0.456973,0.005643
