Time,Energy,Cost,Load
0.268891,0.179703,0.452419,0.00944435
