Time,Energy,Cost,Load
0.269112,0.179712,0.45336,0.00786664
