Time,Energy,Cost,Load
0.268891,0.179703,0.45805,0.00495252
