Time,Energy,Cost,Load
0.269112,0.179712,0.453701,0.00750284
