Time,Energy,Cost,Load
0.268891,0.179703,0.455573,0.00710192
