Time,Energy,Cost,Load
0.269112,0.179712,0.453717,0.00765875
