Time,Energy,Cost,Load
0.268891,0.179703,0.462861,0.00439197
