Time,Energy,Cost,Load
0.268891,0.179703,0.454322,0.00720586
