Time,Energy,Cost,Load
0.268891,0.179703,0.454603,0.00711305
