Time,Energy,Cost,Load
0.268891,0.179703,0.454348,0.00707964
