Time,Energy,Cost,Load
0.268891,0.179703,0.457171,0.00557989
