Time,Energy,Cost,Load
0.269112,0.179712,0.453054,0.00810051
