Time,Energy,Cost,Load
0.268891,0.179703,0.458077,0.00488199
