Time,Energy,Cost,Load
0.269112,0.179712,0.452828,0.00824529
