Time,Energy,Cost,Load
0.269112,0.179888,0.459479,0.00399847
