Time,Energy,Cost,Load
0.269112,0.179712,0.451824,0.0093998
