Time,Energy,Cost,Load
0.268891,0.179703,0.453159,0.00839749
