Time,Energy,Cost,Load
0.268891,0.179703,0.455106,0.00632977
