Time,Energy,Cost,Load
0.269112,0.179712,0.450471,0.0117237
