Time,Energy,Cost,Load
0.268891,0.179703,0.45431,0.00713904
