Time,Energy,Cost,Load
0.268891,0.179703,0.450355,0.0141923
