Time,Energy,Cost,Load
0.268891,0.179703,0.45222,0.0121469
