Time,Energy,Cost,Load
0.268891,0.179703,0.461018,0.00384256
