Time,Energy,Cost,Load
0.269112,0.179712,0.452429,0.00883925
