Time,Energy,Cost,Load
0.268891,0.179703,0.453625,0.0077627
