Time,Energy,Cost,Load
0.269112,0.179712,0.452028,0.00924389
