Time,Energy,Cost,Load
0.268891,0.179703,0.455775,0.00651167
