Time,Energy,Cost,Load
0.270217,0.180366,0.451655,0.0096114
