Time,Energy,Cost,Load
0.268891,0.179703,0.452213,0.00931813
