Time,Energy,Cost,Load
0.268891,0.179703,0.449627,0.0150907
