Time,Energy,Cost,Load
0.269112,0.179712,0.452682,0.00857197
