Time,Energy,Cost,Load
0.268891,0.179703,0.453943,0.00755852
