Time,Energy,Cost,Load
0.268891,0.179703,0.453464,0.00801513
