Time,Energy,Cost,Load
0.269112,0.179712,0.454134,0.00705366
