Time,Energy,Cost,Load
0.268891,0.179703,0.450829,0.0136466
