Time,Energy,Cost,Load
0.269112,0.179712,0.449649,0.0145042
