Time,Energy,Cost,Load
0.268891,0.179703,0.453472,0.00795202
