Time,Energy,Cost,Load
0.268891,0.179703,0.452219,0.00920677
