Time,Energy,Cost,Load
0.269112,0.179712,0.452356,0.00886524
