Time,Energy,Cost,Load
0.268891,0.179703,0.450917,0.0129116
