Time,Energy,Cost,Load
0.268891,0.179703,0.454773,0.00663046
