Time,Energy,Cost,Load
0.269112,0.179712,0.451625,0.00965966
