Time,Energy,Cost,Load
0.270217,0.180366,0.45326,0.00792975
