Time,Energy,Cost,Load
0.268891,0.179703,0.45484,0.00702767
