Time,Energy,Cost,Load
0.268891,0.179703,0.454276,0.00715018
