Time,Energy,Cost,Load
0.268891,0.179703,0.45974,0.00401703
