Time,Energy,Cost,Load
0.269112,0.179712,0.449292,0.0130601
