Time,Energy,Cost,Load
0.268891,0.179703,0.451048,0.0115121
