Time,Energy,Cost,Load
0.268891,0.179703,0.455939,0.00602907
