Time,Energy,Cost,Load
0.268891,0.179703,0.451766,0.0134907
