Time,Energy,Cost,Load
0.268891,0.179703,0.45671,0.00571353
