Time,Energy,Cost,Load
0.268891,0.179703,0.453985,0.00740632
