Time,Energy,Cost,Load
0.268891,0.179703,0.452063,0.0110703
