Time,Energy,Cost,Load
0.268891,0.179703,0.457572,0.00513442
