Time,Energy,Cost,Load
0.268891,0.179703,0.454331,0.00715018
