Time,Energy,Cost,Load
0.268891,0.179703,0.452714,0.00884296
