Time,Energy,Cost,Load
0.268891,0.179703,0.453881,0.00772186
