Time,Energy,Cost,Load
0.268891,0.179703,0.45098,0.0115566
