Time,Energy,Cost,Load
0.268891,0.179703,0.458395,0.00593627
