Time,Energy,Cost,Load
0.269112,0.179712,0.452546,0.00873902
