Time,Energy,Cost,Load
0.270217,0.180366,0.448414,0.0140772
