Time,Energy,Cost,Load
0.270879,0.180488,0.451564,0.00972648
