Time,Energy,Cost,Load
0.269112,0.179712,0.45396,0.00734321
