Time,Energy,Cost,Load
0.268891,0.179703,0.458292,0.00615158
