Time,Energy,Cost,Load
0.269112,0.179712,0.453275,0.00789634
