Time,Energy,Cost,Load
0.268891,0.179703,0.453441,0.00805597
