Time,Energy,Cost,Load
0.269112,0.179712,0.452527,0.00864621
