Time,Energy,Cost,Load
0.268891,0.179703,0.454581,0.00756224
