Time,Energy,Cost,Load
0.268891,0.179703,0.459617,0.00433629
