Time,Energy,Cost,Load
0.268891,0.179703,0.455653,0.00601051
