Time,Energy,Cost,Load
0.268891,0.179703,0.452555,0.00896918
