Time,Energy,Cost,Load
0.268891,0.179703,0.455096,0.00641886
