Time,Energy,Cost,Load
0.268891,0.179703,0.452847,0.00985641
