Time,Energy,Cost,Load
0.268891,0.179703,0.452879,0.00850886
