Time,Energy,Cost,Load
0.268891,0.179703,0.454673,0.00674183
