Time,Energy,Cost,Load
0.269112,0.179712,0.451633,0.0100717
