Time,Energy,Cost,Load
0.269112,0.179712,0.453584,0.0076105
