Time,Energy,Cost,Load
0.269112,0.179712,0.45006,0.0120726
