Time,Energy,Cost,Load
0.268891,0.179703,0.455007,0.00644856
