Time,Energy,Cost,Load
0.268891,0.179703,0.449607,0.0151018
