Time,Energy,Cost,Load
0.268891,0.179703,0.454147,0.00717245
