Time,Energy,Cost,Load
0.268891,0.179703,0.457394,0.00667872
