Time,Energy,Cost,Load
0.269112,0.179712,0.451519,0.00983042
