Time,Energy,Cost,Load
0.269112,0.179712,0.45029,0.0117163
