Time,Energy,Cost,Load
0.269112,0.179712,0.452124,0.00905085
