Time,Energy,Cost,Load
0.269112,0.179712,0.451551,0.00978216
