Time,Energy,Cost,Load
0.269112,0.179712,0.452098,0.0090657
