Time,Energy,Cost,Load
0.268891,0.179703,0.456426,0.00576179
