Time,Energy,Cost,Load
0.269112,0.179712,0.451714,0.00955943
