Time,Energy,Cost,Load
0.269112,0.179712,0.451066,0.0104615
