Time,Energy,Cost,Load
0.268891,0.179703,0.451172,0.0111074
