Time,Energy,Cost,Load
0.269112,0.179712,0.449407,0.0127705
