Time,Energy,Cost,Load
0.268891,0.179703,0.453706,0.00775899
