Time,Energy,Cost,Load
0.268891,0.179703,0.452503,0.00913994
