Time,Energy,Cost,Load
0.268891,0.179703,0.455833,0.00671955
