Time,Energy,Cost,Load
0.268891,0.179703,0.455901,0.00655621
