Time,Energy,Cost,Load
0.269112,0.179712,0.451387,0.00993437
