Time,Energy,Cost,Load
0.269112,0.179712,0.452594,0.00858682
