Time,Energy,Cost,Load
0.269112,0.179712,0.451353,0.0101645
