Time,Energy,Cost,Load
0.268891,0.179703,0.457202,0.00533488
