Time,Energy,Cost,Load
0.269112,0.179712,0.453957,0.00737662
