Time,Energy,Cost,Load
0.269112,0.179712,0.450381,0.0120838
