Time,Energy,Cost,Load
0.268891,0.179703,0.45286,0.00924018
