Time,Energy,Cost,Load
0.269112,0.179712,0.452092,0.00908055
