Time,Energy,Cost,Load
0.268891,0.179703,0.452307,0.0117348
