Time,Energy,Cost,Load
0.269112,0.179712,0.453751,0.00747685
