Time,Energy,Cost,Load
0.269112,0.179712,0.451578,0.00971163
