Time,Energy,Cost,Load
0.268891,0.179703,0.454506,0.00686804
