Time,Energy,Cost,Load
0.268891,0.179703,0.455193,0.00652652
