Time,Energy,Cost,Load
0.268891,0.179703,0.45301,0.00992323
