Time,Energy,Cost,Load
0.268891,0.179703,0.452667,0.00886895
