Time,Energy,Cost,Load
0.269112,0.179712,0.450699,0.0109144
