Time,Energy,Cost,Load
0.268891,0.179703,0.453823,0.00757337
