Time,Energy,Cost,Load
0.268891,0.179703,0.450981,0.0120169
