Time,Energy,Cost,Load
0.268891,0.179703,0.44985,0.0139139
