Time,Energy,Cost,Load
0.268891,0.179703,0.454574,0.00678266
