Time,Energy,Cost,Load
0.268891,0.179703,0.459448,0.00479289
