Time,Energy,Cost,Load
0.268891,0.179703,0.451328,0.0107956
