Time,Energy,Cost,Load
0.268891,0.179703,0.453901,0.00746572
