Time,Energy,Cost,Load
0.269112,0.179712,0.452864,0.00823044
