Time,Energy,Cost,Load
0.269112,0.179712,0.450232,0.0117163
