Time,Energy,Cost,Load
0.268891,0.179703,0.454008,0.00737291
