Time,Energy,Cost,Load
0.269112,0.179712,0.452672,0.00849401
