Time,Energy,Cost,Load
0.268891,0.179703,0.457132,0.00536458
