Time,Energy,Cost,Load
0.268891,0.179703,0.457204,0.0052198
