Time,Energy,Cost,Load
0.268891,0.179703,0.45087,0.0129487
