Time,Energy,Cost,Load
0.268891,0.179703,0.451696,0.0101237
