Time,Energy,Cost,Load
0.269112,0.179712,0.451457,0.00987497
