Time,Energy,Cost,Load
0.269112,0.179712,0.456465,0.00560959
