Time,Energy,Cost,Load
0.268891,0.179703,0.457847,0.00491169
