Time,Energy,Cost,Load
0.268891,0.179703,0.45846,0.00565785
