Time,Energy,Cost,Load
0.269112,0.179712,0.451356,0.00996035
