Time,Energy,Cost,Load
0.269112,0.179712,0.451892,0.00934041
