Time,Energy,Cost,Load
0.268891,0.179703,0.454095,0.00724298
