Time,Energy,Cost,Load
0.268891,0.179703,0.451574,0.0115269
