Time,Energy,Cost,Load
0.268891,0.179703,0.457322,0.00671584
