Time,Energy,Cost,Load
0.269112,0.179888,0.460852,0.0039168
