Time,Energy,Cost,Load
0.269112,0.179712,0.451289,0.0102202
