Time,Energy,Cost,Load
0.268891,0.179703,0.452388,0.0106991
