Time,Energy,Cost,Load
0.268891,0.179703,0.452896,0.00921048
