Time,Energy,Cost,Load
0.268891,0.179703,0.455447,0.00609589
