Time,Energy,Cost,Load
0.269112,0.179712,0.452465,0.0088244
