Time,Energy,Cost,Load
0.268891,0.179703,0.454082,0.00802627
