Time,Energy,Cost,Load
0.269112,0.179712,0.449264,0.0147232
