Time,Energy,Cost,Load
0.269112,0.179712,0.450666,0.0113079
