Time,Energy,Cost,Load
0.269112,0.179712,0.449906,0.0121654
