Time,Energy,Cost,Load
0.268891,0.179703,0.46014,0.00392423
