Time,Energy,Cost,Load
0.268891,0.179703,0.451917,0.00954087
