Time,Energy,Cost,Load
0.268891,0.179703,0.451516,0.0101831
