Time,Energy,Cost,Load
0.268891,0.179703,0.454802,0.00659334
