Time,Energy,Cost,Load
0.269112,0.179712,0.450131,0.0118499
