Time,Energy,Cost,Load
0.268891,0.179703,0.456859,0.00565414
