Time,Energy,Cost,Load
0.268891,0.179703,0.452754,0.00889865
