Time,Energy,Cost,Load
0.268891,0.179703,0.459678,0.00428431
