Time,Energy,Cost,Load
0.269112,0.179712,0.449063,0.0151464
