Time,Energy,Cost,Load
0.269112,0.179712,0.452673,0.00847916
