Time,Energy,Cost,Load
0.268891,0.179703,0.45652,0.00576922
