Time,Energy,Cost,Load
0.268891,0.179703,0.454488,0.00713904
