Time,Energy,Cost,Load
0.268891,0.179703,0.452167,0.0127668
