Time,Energy,Cost,Load
0.269112,0.179712,0.452189,0.00902858
