Time,Energy,Cost,Load
0.268891,0.179703,0.453218,0.00887637
