Time,Energy,Cost,Load
0.268891,0.179703,0.451588,0.0104838
