Time,Energy,Cost,Load
0.268891,0.179703,0.457654,0.00501934
