Time,Energy,Cost,Load
0.268891,0.179703,0.455259,0.00687918
