Time,Energy,Cost,Load
0.269112,0.179712,0.453107,0.00804112
