Time,Energy,Cost,Load
0.269112,0.179712,0.451483,0.00985641
