Time,Energy,Cost,Load
0.268891,0.179703,0.456979,0.0054908
