Time,Energy,Cost,Load
0.268891,0.179703,0.45369,0.00772558
