Time,Energy,Cost,Load
0.268891,0.179703,0.456007,0.00593256
