Time,Energy,Cost,Load
0.268891,0.179703,0.454442,0.00792975
