Time,Energy,Cost,Load
0.268891,0.179703,0.453185,0.00819703
