Time,Energy,Cost,Load
0.269112,0.179712,0.45162,0.00961511
