Time,Energy,Cost,Load
0.268891,0.179703,0.450398,0.0125664
