Time,Energy,Cost,Load
0.269112,0.179712,0.449865,0.0128188
