Time,Energy,Cost,Load
0.269112,0.179712,0.452928,0.00817847
