Time,Energy,Cost,Load
0.268891,0.179703,0.457246,0.00527549
