Time,Energy,Cost,Load
0.268891,0.179703,0.453365,0.00802627
