Time,Energy,Cost,Load
0.269112,0.179712,0.453065,0.00807081
