Time,Energy,Cost,Load
0.268891,0.179703,0.452786,0.00863508
