Time,Energy,Cost,Load
0.268891,0.179703,0.452319,0.00956685
