Time,Energy,Cost,Load
0.269112,0.179712,0.452176,0.00902115
