Time,Energy,Cost,Load
0.268891,0.179703,0.452777,0.00869447
