Time,Energy,Cost,Load
0.268891,0.179703,0.456451,0.00577664
