Time,Energy,Cost,Load
0.269112,0.179712,0.452051,0.00922533
