Time,Energy,Cost,Load
0.268891,0.179703,0.455736,0.00654137
