Time,Energy,Cost,Load
0.268891,0.179703,0.453801,0.00774042
