Time,Energy,Cost,Load
0.268891,0.179703,0.456849,0.00569868
