Time,Energy,Cost,Load
0.268891,0.179703,0.457391,0.00520124
