Time,Energy,Cost,Load
0.268891,0.179703,0.457763,0.00510472
