Time,Energy,Cost,Load
0.269112,0.179712,0.451743,0.00955572
