Time,Energy,Cost,Load
0.268891,0.179703,0.457472,0.00505275
