Time,Energy,Cost,Load
0.268891,0.179703,0.457333,0.00525321
