Time,Energy,Cost,Load
0.268891,0.179703,0.456977,0.00556875
