Time,Energy,Cost,Load
0.268891,0.179703,0.457024,0.00580634
