Time,Energy,Cost,Load
0.268891,0.179703,0.45297,0.00845689
