Time,Energy,Cost,Load
0.268891,0.179703,0.45743,0.00517897
