Time,Energy,Cost,Load
0.269112,0.179888,0.459717,0.00393536
