Time,Energy,Cost,Load
0.269112,0.179712,0.453026,0.00809309
