Time,Energy,Cost,Load
0.268891,0.179703,0.45391,0.00818218
