Time,Energy,Cost,Load
0.268891,0.179703,0.454075,0.00729495
