Time,Energy,Cost,Load
0.268891,0.179703,0.457285,0.00681236
