Time,Energy,Cost,Load
0.268891,0.179703,0.453623,0.00790376
