Time,Energy,Cost,Load
0.268891,0.179703,0.458363,0.0046444
