Time,Energy,Cost,Load
0.268891,0.179703,0.457812,0.00501192
