Time,Energy,Cost,Load
0.268891,0.179703,0.454459,0.00781096
