Time,Energy,Cost,Load
0.268891,0.179703,0.452696,0.00887266
