Time,Energy,Cost,Load
0.268891,0.179703,0.453162,0.00834181
