Time,Energy,Cost,Load
0.269112,0.179712,0.451938,0.00928472
