Time,Energy,Cost,Load
0.269112,0.179712,0.453182,0.00801884
