Time,Energy,Cost,Load
0.269112,0.179712,0.453046,0.00807824
