Time,Energy,Cost,Load
0.268891,0.179703,0.454056,0.00731723
