Time,Energy,Cost,Load
0.268891,0.179703,0.454086,0.00832325
