Time,Energy,Cost,Load
0.269112,0.179712,0.453972,0.00733208
