Time,Energy,Cost,Load
0.268891,0.179703,0.454926,0.00655993
