Time,Energy,Cost,Load
0.269112,0.179712,0.451131,0.0108142
