Time,Energy,Cost,Load
0.268891,0.179703,0.454419,0.00772186
