Time,Energy,Cost,Load
0.268891,0.179703,0.455318,0.00639288
