Time,Energy,Cost,Load
0.268891,0.179703,0.454533,0.0075808
