Time,Energy,Cost,Load
0.268891,0.179703,0.458101,0.00475577
