Time,Energy,Cost,Load
0.268891,0.179703,0.453557,0.00863508
