Time,Energy,Cost,Load
0.268891,0.179703,0.450783,0.0138582
