Time,Energy,Cost,Load
0.268891,0.179703,0.451872,0.0112225
