Time,Energy,Cost,Load
0.268891,0.179703,0.454239,0.00787035
