Time,Energy,Cost,Load
0.268891,0.179703,0.458227,0.00469266
