Time,Energy,Cost,Load
0.268891,0.179703,0.457719,0.00641144
