Time,Energy,Cost,Load
0.268891,0.179703,0.453778,0.00823044
