Time,Energy,Cost,Load
0.268891,0.179703,0.45518,0.00654508
