Time,Energy,Cost,Load
0.268891,0.179703,0.450112,0.014196
