Time,Energy,Cost,Load
0.268891,0.179703,0.452517,0.00902115
