Time,Energy,Cost,Load
0.269112,0.179712,0.450854,0.0111074
