Time,Energy,Cost,Load
0.268891,0.179703,0.454617,0.00696828
