Time,Energy,Cost,Load
0.268891,0.179703,0.453775,0.00800028
