Time,Energy,Cost,Load
0.268891,0.179703,0.460979,0.00395764
