Time,Energy,Cost,Load
0.268891,0.179703,0.449904,0.0134536
