Time,Energy,Cost,Load
0.269112,0.179712,0.45191,0.00933669
