Time,Energy,Cost,Load
0.268891,0.179703,0.462266,0.00374604
